PRAGMA foreign_keys=OFF;
BEGIN TRANSACTION;
CREATE TABLE "announcement" (
  "id" INTEGER PRIMARY KEY AUTOINCREMENT,
  "type" TEXT DEFAULT NULL,
  "priority" TEXT NOT NULL DEFAULT 'LOW'
);
INSERT INTO "announcement" VALUES(1,'INFORMATION','MEDIUM');
INSERT INTO "announcement" VALUES(2,'INFORMATION','LOW');
CREATE TABLE "announcementtext" (
  "id" INTEGER PRIMARY KEY AUTOINCREMENT,
  "announcement_id" INTEGER NOT NULL,
  "text" INTEGER NOT NULL,
  "language_id" INTEGER NOT NULL,
  FOREIGN KEY("announcement_id") REFERENCES "announcement"("id") ON DELETE SET NULL ON UPDATE SET NULL,
  FOREIGN KEY("language_id") REFERENCES "language"("id") ON DELETE SET NULL ON UPDATE SET NULL
);
INSERT INTO "announcementtext" VALUES(1,1,"Welcome to the Kolibre Daisy Online demo service.",1);
INSERT INTO "announcementtext" VALUES(2,1,"Välkommen till Kolibres Daisy Online demo tjänst.",2);
INSERT INTO "announcementtext" VALUES(3,2,"Feel free to use and explore this service. Remember to mark the announcements as read when you have read them.",1);
INSERT INTO "announcementtext" VALUES(4,2,"Du kan fritt använda och utforska denna tjänst. Kom ihåg att markera meddelandena som lästa efter att du läst dem.",2);
CREATE TABLE "announcementaudio" (
  "id" INTEGER PRIMARY KEY AUTOINCREMENT,
  "announcementtext_id" INTEGER NOT NULL,
  "size" INTEGER NOT NULL,
  "length" INTEGER NOT NULL,
  FOREIGN KEY("announcementtext_id") REFERENCES "announcementtext"("id") ON DELETE SET NULL ON UPDATE SET NULL
);
INSERT INTO "announcementaudio" VALUES(1,1,24677,2594);
INSERT INTO "announcementaudio" VALUES(2,2,27392,2880);
INSERT INTO "announcementaudio" VALUES(3,3,53310,5680);
INSERT INTO "announcementaudio" VALUES(4,4,63226,6952);
CREATE TABLE "category" (
  "id" INTEGER PRIMARY KEY AUTOINCREMENT,
  "name" TEXT NOT NULL
);
INSERT INTO "category" VALUES(1,'BOOK');
INSERT INTO "category" VALUES(2,'MAGAZINE');
INSERT INTO "category" VALUES(3,'NEWSPAPER');
INSERT INTO "category" VALUES(4,'OTHER');
CREATE TABLE "daisyformat" (
  "id" INTEGER PRIMARY KEY AUTOINCREMENT,
  "format" TEXT NOT NULL
);
INSERT INTO "daisyformat" VALUES(1,'Daisy 2.02');
INSERT INTO "daisyformat" VALUES(2,'ANSI/NISO Z39.86-2005');
INSERT INTO "daisyformat" VALUES(3,'PDTB2');
CREATE TABLE "content" (
  "id" INTEGER PRIMARY KEY AUTOINCREMENT,
  "category_id" INTEGER  NOT NULL,
  "daisyformat_id" INTEGER  NOT NULL,
  "title" TEXT NOT NULL,
  "date" NUMERIC NOT NULL,
  FOREIGN KEY("category_id") REFERENCES "category"("id") ON DELETE SET NULL ON UPDATE SET NULL,
  FOREIGN KEY("daisyformat_id") REFERENCES "daisyformat"("id") ON DELETE SET NULL ON UPDATE SET NULL
);
INSERT INTO "content" VALUES(1,1,1,'A light Man','2009-06-22 00:00:00');
INSERT INTO "content" VALUES(2,1,2,'Are you ready?','2009-04-26 00:00:00');
INSERT INTO "content" VALUES(3,1,1,'Climbing the Highest Mountain','2003-05-08 00:00:00');
CREATE TABLE "contentaudio" (
  "id" INTEGER PRIMARY KEY AUTOINCREMENT,
  "content_id" INTEGER  NOT NULL,
  "size" INTEGER  NOT NULL,
  "length" INTEGER  NOT NULL,
  FOREIGN KEY("content_id") REFERENCES "content"("id") ON DELETE SET NULL ON UPDATE SET NULL
);
INSERT INTO "contentaudio" VALUES(1,1,44724,6315);
INSERT INTO "contentaudio" VALUES(2,2,16139,5201);
INSERT INTO "contentaudio" VALUES(3,3,20335,1945);
CREATE TABLE "contentlist" (
  "id" INTEGER PRIMARY KEY AUTOINCREMENT,
  "name" TEXT NOT NULL
);
INSERT INTO "contentlist" VALUES(1,'bookshelf');
INSERT INTO "contentlist" VALUES(20,'search');
INSERT INTO "contentlist" VALUES(30,'browse');
CREATE TABLE "contentmetadata" (
  "id" INTEGER PRIMARY KEY AUTOINCREMENT,
  "content_id" INTEGER  NOT NULL ,
  "key" TEXT NOT NULL,
  "value" TEXT NOT NULL,
  FOREIGN KEY("content_id") REFERENCES "content"("id") ON DELETE SET NULL ON UPDATE SET NULL
);
INSERT INTO "contentmetadata" VALUES(1,1,'dc:creator','Henry James');
INSERT INTO "contentmetadata" VALUES(2,1,'dc:date','2009-06-22');
INSERT INTO "contentmetadata" VALUES(3,1,'dc:format','Daisy 2.02');
INSERT INTO "contentmetadata" VALUES(4,1,'dc:identifier','Unknown');
INSERT INTO "contentmetadata" VALUES(5,1,'dc:language','en');
INSERT INTO "contentmetadata" VALUES(6,1,'dc:publisher','DC');
INSERT INTO "contentmetadata" VALUES(7,1,'dc:source','The galaxy vol. 8 no. 1 (July 1869),   pages 49-68');
INSERT INTO "contentmetadata" VALUES(8,1,'dc:subject','Relationships, betrayal');
INSERT INTO "contentmetadata" VALUES(9,1,'dc:title','A light Man');
INSERT INTO "contentmetadata" VALUES(10,1,'ncc:charset','utf-8');
INSERT INTO "contentmetadata" VALUES(11,1,'ncc:depth','1');
INSERT INTO "contentmetadata" VALUES(12,1,'ncc:files','36');
INSERT INTO "contentmetadata" VALUES(13,1,'ncc:footnotes','0');
INSERT INTO "contentmetadata" VALUES(14,1,'ncc:generator','EasePublisher 2.13 Build 163 # 044FS2212172434');
INSERT INTO "contentmetadata" VALUES(15,1,'ncc:kbytesize','35930');
INSERT INTO "contentmetadata" VALUES(16,1,'ncc:maxpagenormal','26');
INSERT INTO "contentmetadata" VALUES(17,1,'ncc:multimediatype','audioNcc');
INSERT INTO "contentmetadata" VALUES(18,1,'ncc:narrator','OM');
INSERT INTO "contentmetadata" VALUES(19,1,'ncc:pagefront','0');
INSERT INTO "contentmetadata" VALUES(20,1,'ncc:pagenormal','26');
INSERT INTO "contentmetadata" VALUES(21,1,'ncc:pagespecial','0');
INSERT INTO "contentmetadata" VALUES(22,1,'ncc:prodnotes','0');
INSERT INTO "contentmetadata" VALUES(23,1,'ncc:setinfo','1 of 1');
INSERT INTO "contentmetadata" VALUES(24,1,'ncc:sidebars','0');
INSERT INTO "contentmetadata" VALUES(25,1,'ncc:sourcedate','2009-07-18');
INSERT INTO "contentmetadata" VALUES(26,1,'ncc:sourceedition','1.');
INSERT INTO "contentmetadata" VALUES(27,1,'ncc:sourcepublisher','The galaxy vol. 8 no. 1 (July 1869),   pages 49-68');
INSERT INTO "contentmetadata" VALUES(28,1,'ncc:sourcerights','Gutenberg project');
INSERT INTO "contentmetadata" VALUES(29,1,'ncc:sourcetitle','A light man');
INSERT INTO "contentmetadata" VALUES(30,1,'ncc:tocitems','43');
INSERT INTO "contentmetadata" VALUES(31,1,'ncc:totaltime','01:27:15');
INSERT INTO "contentmetadata" VALUES(32,1,'prod:ep_update','');
INSERT INTO "contentmetadata" VALUES(33,1,'prod:last_used_id','');
INSERT INTO "contentmetadata" VALUES(34,2,'dc:creator','WikiHow');
INSERT INTO "contentmetadata" VALUES(35,2,'dc:date','2009-04-26');
INSERT INTO "contentmetadata" VALUES(36,2,'dc:format','ANSI/NIZO Z39.86-2005');
INSERT INTO "contentmetadata" VALUES(37,2,'dc:identifier','5078727220897727718');
INSERT INTO "contentmetadata" VALUES(38,2,'dc:language','en-IN');
INSERT INTO "contentmetadata" VALUES(39,2,'dc:publisher','DAISY India');
INSERT INTO "contentmetadata" VALUES(40,2,'dc:subject','A Short Manual for Disaster Management');
INSERT INTO "contentmetadata" VALUES(41,2,'dc:title','ARE YOU READY?');
INSERT INTO "contentmetadata" VALUES(42,3,'dc:title','Climbing the Highest Mountain');
INSERT INTO "contentmetadata" VALUES(43,3,'dc:creator','Per Sennels');
INSERT INTO "contentmetadata" VALUES(44,3,'dc:date','2003-05-08');
INSERT INTO "contentmetadata" VALUES(45,3,'dc:format','Daisy 2.02');
INSERT INTO "contentmetadata" VALUES(46,3,'dc:identifier','skipdemo-amsterdam');
INSERT INTO "contentmetadata" VALUES(47,3,'dc:language','en');
INSERT INTO "contentmetadata" VALUES(48,3,'dc:publisher','DAISY Consortium');
INSERT INTO "contentmetadata" VALUES(49,3,'dc:subject','Mountains');
INSERT INTO "contentmetadata" VALUES(50,3,'ncc:pagefront','0');
INSERT INTO "contentmetadata" VALUES(51,3,'ncc:pagenormal','8');
INSERT INTO "contentmetadata" VALUES(52,3,'ncc:pagespecial','0');
INSERT INTO "contentmetadata" VALUES(53,3,'ncc:setinfo','1 of 1');
INSERT INTO "contentmetadata" VALUES(54,3,'ncc:depth','3');
INSERT INTO "contentmetadata" VALUES(55,3,'ncc:maxpagenormal','8');
INSERT INTO "contentmetadata" VALUES(56,3,'ncc:multimediatype','audioNcc');
INSERT INTO "contentmetadata" VALUES(57,3,'ncc:narrator','Joan Dahm-Simonsen');
INSERT INTO "contentmetadata" VALUES(58,3,'ncc:producer','Huseby kompetansesenter');
INSERT INTO "contentmetadata" VALUES(59,3,'ncc:generator','Skippability Tweaker 0.1.53');
INSERT INTO "contentmetadata" VALUES(60,3,'ncc:sidebars','4');
INSERT INTO "contentmetadata" VALUES(61,3,'ncc:prodnotes','2');
INSERT INTO "contentmetadata" VALUES(62,3,'ncc:footnotes','1');
INSERT INTO "contentmetadata" VALUES(63,3,'ncc:totaltime','00:05:27');
INSERT INTO "contentmetadata" VALUES(64,3,'ncc:charset','windows-1252');
INSERT INTO "contentmetadata" VALUES(65,3,'ncc:files','20');
INSERT INTO "contentmetadata" VALUES(66,3,'ncc:kbytesize','1975');
INSERT INTO "contentmetadata" VALUES(67,3,'ncc:tocitems','23');
CREATE TABLE "contentresource" (
  "id" INTEGER PRIMARY KEY AUTOINCREMENT,
  "content_id" INTEGER  NOT NULL DEFAULT '0',
  "filename" TEXT NOT NULL DEFAULT '',
  "bytes" INTEGER  NOT NULL DEFAULT '0',
  "mimetype" TEXT NOT NULL DEFAULT 'unknown',
  FOREIGN KEY("content_id") REFERENCES "content"("id") ON DELETE SET NULL ON UPDATE SET NULL
);
INSERT INTO "contentresource" VALUES(1,1,'01_A_light_Man.mp3',45531,'application/octet-stream');
INSERT INTO "contentresource" VALUES(2,1,'02_Epigraph.mp3',176822,'application/octet-stream');
INSERT INTO "contentresource" VALUES(3,1,'03_April_4th_1857.mp3',1540205,'application/octet-stream');
INSERT INTO "contentresource" VALUES(4,1,'04_7th_.mp3',1204845,'application/octet-stream');
INSERT INTO "contentresource" VALUES(5,1,'05_D_the_14th_.mp3',8934948,'application/octet-stream');
INSERT INTO "contentresource" VALUES(6,1,'06_19th_.mp3',2863908,'application/octet-stream');
INSERT INTO "contentresource" VALUES(7,1,'07_22d_.mp3',4464640,'application/octet-stream');
INSERT INTO "contentresource" VALUES(8,1,'08_26th_.mp3',1939748,'application/octet-stream');
INSERT INTO "contentresource" VALUES(9,1,'09_May_3d_.mp3',1940662,'application/octet-stream');
INSERT INTO "contentresource" VALUES(10,1,'10_8th_.mp3',2005028,'application/octet-stream');
INSERT INTO "contentresource" VALUES(11,1,'11_13th_.mp3',741302,'application/octet-stream');
INSERT INTO "contentresource" VALUES(12,1,'12_18th_.mp3',691565,'application/octet-stream');
INSERT INTO "contentresource" VALUES(13,1,'13_20th_.mp3',2834468,'application/octet-stream');
INSERT INTO "contentresource" VALUES(14,1,'14_21st_.mp3',1639497,'application/octet-stream');
INSERT INTO "contentresource" VALUES(15,1,'15_22d_.mp3',451657,'application/octet-stream');
INSERT INTO "contentresource" VALUES(16,1,'16_23d_.mp3',4836205,'application/octet-stream');
INSERT INTO "contentresource" VALUES(17,1,'17_24th_.mp3',348342,'application/octet-stream');
INSERT INTO "contentresource" VALUES(18,1,'er_book_info.xml',1108,'text/plain');
INSERT INTO "contentresource" VALUES(19,1,'icth0001.smil',1086,'text/plain');
INSERT INTO "contentresource" VALUES(20,1,'icth0002.smil',2128,'text/plain');
INSERT INTO "contentresource" VALUES(21,1,'icth0003.smil',6888,'text/plain');
INSERT INTO "contentresource" VALUES(22,1,'icth0004.smil',4667,'text/plain');
INSERT INTO "contentresource" VALUES(23,1,'icth0005.smil',27641,'text/plain');
INSERT INTO "contentresource" VALUES(24,1,'icth0006.smil',10464,'text/plain');
INSERT INTO "contentresource" VALUES(25,1,'icth0007.smil',12533,'text/plain');
INSERT INTO "contentresource" VALUES(26,1,'icth0008.smil',6417,'text/plain');
INSERT INTO "contentresource" VALUES(27,1,'icth0009.smil',6967,'text/plain');
INSERT INTO "contentresource" VALUES(28,1,'icth000a.smil',6154,'text/plain');
INSERT INTO "contentresource" VALUES(29,1,'icth000b.smil',2248,'text/plain');
INSERT INTO "contentresource" VALUES(30,1,'icth000c.smil',2417,'text/plain');
INSERT INTO "contentresource" VALUES(31,1,'icth000d.smil',7990,'text/plain');
INSERT INTO "contentresource" VALUES(32,1,'icth000e.smil',5311,'text/plain');
INSERT INTO "contentresource" VALUES(33,1,'icth000f.smil',2517,'text/plain');
INSERT INTO "contentresource" VALUES(34,1,'icth0010.smil',17455,'text/plain');
INSERT INTO "contentresource" VALUES(35,1,'icth0011.smil',2217,'text/plain');
INSERT INTO "contentresource" VALUES(36,1,'master.smil',1866,'text/plain');
INSERT INTO "contentresource" VALUES(37,1,'ncc.html',5759,'text/html');
INSERT INTO "contentresource" VALUES(38,1,'smil10.dtd',7496,'text/html');
INSERT INTO "contentresource" VALUES(39,1,'xhtml-lat1.ent',11789,'text/html');
INSERT INTO "contentresource" VALUES(40,1,'xhtml-special.ent',4144,'text/html');
INSERT INTO "contentresource" VALUES(41,1,'xhtml-symbol.ent',14127,'text/html');
INSERT INTO "contentresource" VALUES(42,1,'xhtml1-transitional.dtd',33441,'text/html');
INSERT INTO "contentresource" VALUES(43,2,'AreYouReadyV3.xml',89235,'text/plain');
INSERT INTO "contentresource" VALUES(44,2,'dtbookbasic.css',12801,'text/x-c');
INSERT INTO "contentresource" VALUES(45,2,'image1.jpg',6168,'image/jpeg');
INSERT INTO "contentresource" VALUES(46,2,'image11.jpg',5586,'image/jpeg');
INSERT INTO "contentresource" VALUES(47,2,'image12.jpg',4826,'image/jpeg');
INSERT INTO "contentresource" VALUES(48,2,'image13.jpg',12586,'image/jpeg');
INSERT INTO "contentresource" VALUES(49,2,'image14.jpg',17587,'image/jpeg');
INSERT INTO "contentresource" VALUES(50,2,'image2.jpg',8577,'image/jpeg');
INSERT INTO "contentresource" VALUES(51,2,'image3.jpg',5981,'image/jpeg');
INSERT INTO "contentresource" VALUES(52,2,'image4.jpg',4720,'image/jpeg');
INSERT INTO "contentresource" VALUES(53,2,'image5.jpg',6589,'image/jpeg');
INSERT INTO "contentresource" VALUES(54,2,'speechgen.ncx',18280,'text/plain');
INSERT INTO "contentresource" VALUES(55,2,'speechgen.opf',8897,'text/plain');
INSERT INTO "contentresource" VALUES(56,2,'speechgen0001.mp3',32757,'application/octet-stream');
INSERT INTO "contentresource" VALUES(57,2,'speechgen0001.smil',882,'text/plain');
INSERT INTO "contentresource" VALUES(58,2,'speechgen0002.mp3',215823,'application/octet-stream');
INSERT INTO "contentresource" VALUES(59,2,'speechgen0002.smil',2716,'text/plain');
INSERT INTO "contentresource" VALUES(60,2,'speechgen0003.mp3',285257,'application/octet-stream');
INSERT INTO "contentresource" VALUES(61,2,'speechgen0003.smil',5457,'text/plain');
INSERT INTO "contentresource" VALUES(62,2,'speechgen0004.mp3',228832,'application/octet-stream');
INSERT INTO "contentresource" VALUES(63,2,'speechgen0004.smil',1477,'text/plain');
INSERT INTO "contentresource" VALUES(64,2,'speechgen0005.mp3',1865456,'application/octet-stream');
INSERT INTO "contentresource" VALUES(65,2,'speechgen0005.smil',10463,'text/plain');
INSERT INTO "contentresource" VALUES(66,2,'speechgen0006.mp3',735399,'application/octet-stream');
INSERT INTO "contentresource" VALUES(67,2,'speechgen0006.smil',4470,'text/plain');
INSERT INTO "contentresource" VALUES(68,2,'speechgen0007.mp3',105482,'application/octet-stream');
INSERT INTO "contentresource" VALUES(69,2,'speechgen0007.smil',1438,'text/plain');
INSERT INTO "contentresource" VALUES(70,2,'speechgen0008.mp3',95294,'application/octet-stream');
INSERT INTO "contentresource" VALUES(71,2,'speechgen0008.smil',1491,'text/plain');
INSERT INTO "contentresource" VALUES(72,2,'speechgen0009.mp3',794801,'application/octet-stream');
INSERT INTO "contentresource" VALUES(73,2,'speechgen0009.smil',7443,'text/plain');
INSERT INTO "contentresource" VALUES(74,2,'speechgen0010.mp3',258299,'application/octet-stream');
INSERT INTO "contentresource" VALUES(75,2,'speechgen0010.smil',2873,'text/plain');
INSERT INTO "contentresource" VALUES(76,2,'speechgen0011.mp3',249835,'application/octet-stream');
INSERT INTO "contentresource" VALUES(77,2,'speechgen0011.smil',2192,'text/plain');
INSERT INTO "contentresource" VALUES(78,2,'speechgen0012.mp3',225071,'application/octet-stream');
INSERT INTO "contentresource" VALUES(79,2,'speechgen0012.smil',2285,'text/plain');
INSERT INTO "contentresource" VALUES(80,2,'speechgen0013.mp3',1677374,'application/octet-stream');
INSERT INTO "contentresource" VALUES(81,2,'speechgen0013.smil',11510,'text/plain');
INSERT INTO "contentresource" VALUES(82,2,'speechgen0014.mp3',372872,'application/octet-stream');
INSERT INTO "contentresource" VALUES(83,2,'speechgen0014.smil',2480,'text/plain');
INSERT INTO "contentresource" VALUES(84,2,'speechgen0015.mp3',439327,'application/octet-stream');
INSERT INTO "contentresource" VALUES(85,2,'speechgen0015.smil',3243,'text/plain');
INSERT INTO "contentresource" VALUES(86,2,'speechgen0016.mp3',121469,'application/octet-stream');
INSERT INTO "contentresource" VALUES(87,2,'speechgen0016.smil',1691,'text/plain');
INSERT INTO "contentresource" VALUES(88,2,'speechgen0017.mp3',2289110,'application/octet-stream');
INSERT INTO "contentresource" VALUES(89,2,'speechgen0017.smil',17070,'text/plain');
INSERT INTO "contentresource" VALUES(90,2,'speechgen0018.mp3',1220493,'application/octet-stream');
INSERT INTO "contentresource" VALUES(91,2,'speechgen0018.smil',9825,'text/plain');
INSERT INTO "contentresource" VALUES(92,2,'speechgen0019.mp3',181185,'application/octet-stream');
INSERT INTO "contentresource" VALUES(93,2,'speechgen0019.smil',1640,'text/plain');
INSERT INTO "contentresource" VALUES(94,2,'speechgen0020.mp3',1113756,'application/octet-stream');
INSERT INTO "contentresource" VALUES(95,2,'speechgen0020.smil',7023,'text/plain');
INSERT INTO "contentresource" VALUES(96,2,'speechgen0021.mp3',446694,'application/octet-stream');
INSERT INTO "contentresource" VALUES(97,2,'speechgen0021.smil',3453,'text/plain');
INSERT INTO "contentresource" VALUES(98,2,'speechgen0022.mp3',191216,'application/octet-stream');
INSERT INTO "contentresource" VALUES(99,2,'speechgen0022.smil',1492,'text/plain');
INSERT INTO "contentresource" VALUES(100,2,'speechgen0023.mp3',1083977,'application/octet-stream');
INSERT INTO "contentresource" VALUES(101,2,'speechgen0023.smil',6373,'text/plain');
INSERT INTO "contentresource" VALUES(102,2,'speechgen0024.mp3',354690,'application/octet-stream');
INSERT INTO "contentresource" VALUES(103,2,'speechgen0024.smil',2690,'text/plain');
INSERT INTO "contentresource" VALUES(104,2,'speechgen0025.mp3',193410,'application/octet-stream');
INSERT INTO "contentresource" VALUES(105,2,'speechgen0025.smil',1835,'text/plain');
INSERT INTO "contentresource" VALUES(106,2,'speechgen0026.mp3',112222,'application/octet-stream');
INSERT INTO "contentresource" VALUES(107,2,'speechgen0026.smil',1493,'text/plain');
INSERT INTO "contentresource" VALUES(108,2,'speechgen0027.mp3',605466,'application/octet-stream');
INSERT INTO "contentresource" VALUES(109,2,'speechgen0027.smil',4580,'text/plain');
INSERT INTO "contentresource" VALUES(110,2,'speechgen0028.mp3',136516,'application/octet-stream');
INSERT INTO "contentresource" VALUES(111,2,'speechgen0028.smil',1430,'text/plain');
INSERT INTO "contentresource" VALUES(112,2,'speechgen0029.mp3',92943,'application/octet-stream');
INSERT INTO "contentresource" VALUES(113,2,'speechgen0029.smil',1439,'text/plain');
INSERT INTO "contentresource" VALUES(114,2,'speechgen0030.mp3',112535,'application/octet-stream');
INSERT INTO "contentresource" VALUES(115,2,'speechgen0030.smil',1493,'text/plain');
INSERT INTO "contentresource" VALUES(116,2,'speechgen0031.mp3',1319863,'application/octet-stream');
INSERT INTO "contentresource" VALUES(117,2,'speechgen0031.smil',10153,'text/plain');
INSERT INTO "contentresource" VALUES(118,2,'speechgen0032.mp3',584150,'application/octet-stream');
INSERT INTO "contentresource" VALUES(119,2,'speechgen0032.smil',5658,'text/plain');
INSERT INTO "contentresource" VALUES(120,2,'speechgen0033.mp3',256104,'application/octet-stream');
INSERT INTO "contentresource" VALUES(121,2,'speechgen0033.smil',1850,'text/plain');
INSERT INTO "contentresource" VALUES(122,2,'speechgen0034.mp3',284630,'application/octet-stream');
INSERT INTO "contentresource" VALUES(123,2,'speechgen0034.smil',2480,'text/plain');
INSERT INTO "contentresource" VALUES(124,2,'tpbnarrator.res',9458,'text/html');
INSERT INTO "contentresource" VALUES(125,2,'tpbnarrator_res.mp3',117656,'application/octet-stream');
INSERT INTO "contentresource" VALUES(126,3,'ncconlydemo.html',3642,'application/xml');
INSERT INTO "contentresource" VALUES(127,3,'bagw0008.smil',2714,'application/xml');
INSERT INTO "contentresource" VALUES(128,3,'bagw0017.mp3',124760,'audio/mpeg');
INSERT INTO "contentresource" VALUES(129,3,'bagw0019.mp3',180558,'audio/mpeg');
INSERT INTO "contentresource" VALUES(130,3,'bagw0006.smil',2765,'application/xml');
INSERT INTO "contentresource" VALUES(131,3,'bagw001B.mp3',285570,'audio/mpeg');
INSERT INTO "contentresource" VALUES(132,3,'bagw0014.mp3',391836,'audio/mpeg');
INSERT INTO "contentresource" VALUES(133,3,'bagw0007.smil',1567,'application/xml');
INSERT INTO "contentresource" VALUES(134,3,'bagw0018.mp3',65515,'audio/mpeg');
INSERT INTO "contentresource" VALUES(135,3,'bagw001A.mp3',129776,'audio/mpeg');
INSERT INTO "contentresource" VALUES(136,3,'bagw0005.smil',1130,'application/xml');
INSERT INTO "contentresource" VALUES(137,3,'master.smil',1196,'application/xml');
INSERT INTO "contentresource" VALUES(138,3,'bagw0003.smil',2419,'application/xml');
INSERT INTO "contentresource" VALUES(139,3,'ncc.html',4296,'application/xml');
INSERT INTO "contentresource" VALUES(140,3,'bagw0002.smil',1334,'application/xml');
INSERT INTO "contentresource" VALUES(141,3,'narrator_1.css',5204,'text/plain');
INSERT INTO "contentresource" VALUES(142,3,'default_1.css',5053,'text/plain');
INSERT INTO "contentresource" VALUES(143,3,'bagw001C.mp3',451552,'audio/mpeg');
INSERT INTO "contentresource" VALUES(144,3,'bagw0001.smil',1728,'application/xml');
INSERT INTO "contentresource" VALUES(145,3,'bagw001D.mp3',335882,'audio/mpeg');
INSERT INTO "contentresource" VALUES(146,3,'bagw0004.smil',3047,'application/xml');
CREATE TABLE "language" (
  "id" INTEGER PRIMARY KEY AUTOINCREMENT,
  "lang" TEXT NOT NULL
);
INSERT INTO "language" VALUES(1,'en');
INSERT INTO "language" VALUES(2,'sv');
INSERT INTO "language" VALUES(3,'fi');
CREATE TABLE "question" (
  "id" INTEGER PRIMARY KEY AUTOINCREMENT,
  "parent_id" INTEGER NOT NULL,
  "questiontype_id" INTEGET NOT NULL,
  FOREIGN KEY("parent_id") REFERENCES "question"("id") ON DELETE SET NULL ON UPDATE SET NULL
);
INSERT INTO "question" VALUES(1,0,1); -- MAIN MENU
INSERT INTO "question" VALUES(2,1,3); -- search option
INSERT INTO "question" VALUES(3,1,3); -- browse option
INSERT INTO "question" VALUES(4,1,3); -- feedback option
INSERT INTO "question" VALUES(20,2,1); -- SEARCH MENU
INSERT INTO "question" VALUES(21,20,3); -- search by author
INSERT INTO "question" VALUES(22,20,3); -- search by title
INSERT INTO "question" VALUES(23,21,2); -- input for search by author
INSERT INTO "question" VALUES(24,22,2); -- input for search by title
INSERT INTO "question" VALUES(25,23,4); -- endpoint for search by author
INSERT INTO "question" VALUES(26,24,4); -- endpoint for search by title
INSERT INTO "question" VALUES(30,3,1); -- BROWSE MENU
INSERT INTO "question" VALUES(31,30,3); -- browse by title
INSERT INTO "question" VALUES(32,30,3); -- browse by daisy2
INSERT INTO "question" VALUES(33,30,3); -- browse by daisy3
INSERT INTO "question" VALUES(34,31,4); -- endpoint for browse by title
INSERT INTO "question" VALUES(35,32,4); -- endpoint for browse by daisy2
INSERT INTO "question" VALUES(36,33,4); -- endpoint for browse by daisy3
INSERT INTO "question" VALUES(40,4,1); -- FEEDBACK MENU (rate)
INSERT INTO "question" VALUES(41,4,2); -- FEEDBACK MENU (custom feedback)
INSERT INTO "question" VALUES(42,40,3); -- rate option excellent
INSERT INTO "question" VALUES(43,40,3); -- rate option good
INSERT INTO "question" VALUES(44,40,3); -- rate option fair
INSERT INTO "question" VALUES(45,40,3); -- rate option poor
INSERT INTO "question" VALUES(46,41,5); -- endpoint for feedback
INSERT INTO "question" VALUES(47,42,5); -- endpoint for feedback
INSERT INTO "question" VALUES(48,43,5); -- endpoint for feedback
INSERT INTO "question" VALUES(49,44,5); -- endpoint for feedback
INSERT INTO "question" VALUES(50,45,5); -- endpoint for feedback
CREATE TABLE "questioninput" (
  "id" INTEGER PRIMARY KEY AUTOINCREMENT,
  "question_id" INTEGER NOT NULL,
  "allow_multiple_selections" INTEGER DEFAULT NULL,
  "text_numeric" INTEGER DEFAULT NULL,
  "text_alpanumeric" INTEGER DEFAULT NULL,
  "audio" INTEGER DEFAULT NULL,
  "default_value" TEXT DEFAULT NULL,
  FOREIGN KEY("question_id") REFERENCES "question"("id") ON DELETE SET NULL ON UPDATE SET NULL
);
INSERT INTO "questioninput" VALUES(1,1,NULL,NULL,NULL,NULL,NULL);
INSERT INTO "questioninput" VALUES(2,20,NULL,NULL,NULL,NULL,NULL);
INSERT INTO "questioninput" VALUES(3,23,NULL,NULL,1,NULL,NULL);
INSERT INTO "questioninput" VALUES(4,24,NULL,NULL,1,NULL,NULL);
INSERT INTO "questioninput" VALUES(5,30,NULL,NULL,NULL,NULL,NULL);
INSERT INTO "questioninput" VALUES(6,40,NULL,NULL,NULL,NULL,NULL);
INSERT INTO "questioninput" VALUES(7,41,NULL,NULL,1,NULL,NULL);
CREATE TABLE "questiontype" (
  "id" INTEGER PRIMARY KEY AUTOINCREMENT,
  "type" STRING NOT NULL
);
INSERT INTO "questiontype" VALUES(1, "multipleChoiceQuestion");
INSERT INTO "questiontype" VALUES(2, "inputQuestion");
INSERT INTO "questiontype" VALUES(3, "choice");
INSERT INTO "questiontype" VALUES(4, "contentListRef");
INSERT INTO "questiontype" VALUES(5, "label");
CREATE TABLE "question_questiontext" (
  "id" INTEGER PRIMARY KEY AUTOINCREMENT,
  "question_id" INTEGER NOT NULL,
  "questiontext_id" INTEGER NOT NULL,
  FOREIGN KEY("question_id") REFERENCES "question"("id") ON DELETE SET NULL ON UPDATE SET NULL,
  FOREIGN KEY("questiontext_id") REFERENCES "questiontext"("id") ON DELETE SET NULL ON UPDATE SET NULL
);
INSERT INTO "question_questiontext" VALUES(1,1,1);
INSERT INTO "question_questiontext" VALUES(2,1,2);
INSERT INTO "question_questiontext" VALUES(3,2,3);
INSERT INTO "question_questiontext" VALUES(4,2,4);
INSERT INTO "question_questiontext" VALUES(5,3,5);
INSERT INTO "question_questiontext" VALUES(6,3,6);
INSERT INTO "question_questiontext" VALUES(7,4,7);
INSERT INTO "question_questiontext" VALUES(8,4,8);
INSERT INTO "question_questiontext" VALUES(9,20,9);
INSERT INTO "question_questiontext" VALUES(10,20,10);
INSERT INTO "question_questiontext" VALUES(11,21,11);
INSERT INTO "question_questiontext" VALUES(12,21,12);
INSERT INTO "question_questiontext" VALUES(13,22,13);
INSERT INTO "question_questiontext" VALUES(14,22,14);
INSERT INTO "question_questiontext" VALUES(15,23,15);
INSERT INTO "question_questiontext" VALUES(16,23,16);
INSERT INTO "question_questiontext" VALUES(17,24,17);
INSERT INTO "question_questiontext" VALUES(18,24,18);
INSERT INTO "question_questiontext" VALUES(19,30,19);
INSERT INTO "question_questiontext" VALUES(20,30,20);
INSERT INTO "question_questiontext" VALUES(21,31,21);
INSERT INTO "question_questiontext" VALUES(22,31,22);
INSERT INTO "question_questiontext" VALUES(23,32,23);
INSERT INTO "question_questiontext" VALUES(24,32,24);
INSERT INTO "question_questiontext" VALUES(25,33,25);
INSERT INTO "question_questiontext" VALUES(26,33,26);
INSERT INTO "question_questiontext" VALUES(27,40,27);
INSERT INTO "question_questiontext" VALUES(28,40,28);
INSERT INTO "question_questiontext" VALUES(29,41,29);
INSERT INTO "question_questiontext" VALUES(30,41,30);
INSERT INTO "question_questiontext" VALUES(31,42,31);
INSERT INTO "question_questiontext" VALUES(32,42,32);
INSERT INTO "question_questiontext" VALUES(33,43,44);
INSERT INTO "question_questiontext" VALUES(34,43,44);
INSERT INTO "question_questiontext" VALUES(35,44,35);
INSERT INTO "question_questiontext" VALUES(36,44,26);
INSERT INTO "question_questiontext" VALUES(37,45,37);
INSERT INTO "question_questiontext" VALUES(38,45,38);
INSERT INTO "question_questiontext" VALUES(39,46,39);
INSERT INTO "question_questiontext" VALUES(40,46,40);
INSERT INTO "question_questiontext" VALUES(41,47,39);
INSERT INTO "question_questiontext" VALUES(42,47,40);
INSERT INTO "question_questiontext" VALUES(43,48,39);
INSERT INTO "question_questiontext" VALUES(44,48,40);
INSERT INTO "question_questiontext" VALUES(45,49,39);
INSERT INTO "question_questiontext" VALUES(46,49,40);
INSERT INTO "question_questiontext" VALUES(47,50,39);
INSERT INTO "question_questiontext" VALUES(48,50,40);
CREATE TABLE "questiontext" (
  "id" INTEGER PRIMARY KEY AUTOINCREMENT,
  "language_id" INTEGER NOT NULL,
  "text" INTEGER NOT NULL,
  FOREIGN KEY("language_id") REFERENCES "language"("id") ON DELETE SET NULL ON UPDATE SET NULL
);
INSERT INTO "questiontext" VALUES(1,1,"What would you like to do?");
INSERT INTO "questiontext" VALUES(2,2,"Vad vill du göra?");
INSERT INTO "questiontext" VALUES(3,1,"Search the library.");
INSERT INTO "questiontext" VALUES(4,2,"Söka i biblioteket.");
INSERT INTO "questiontext" VALUES(5,1,"Browse the library.");
INSERT INTO "questiontext" VALUES(6,2,"Utforska biblioteket.");
INSERT INTO "questiontext" VALUES(7,1,"Give feedback.");
INSERT INTO "questiontext" VALUES(8,2,"Ge feedback.");
INSERT INTO "questiontext" VALUES(9,1,"What do you want to search by?");
INSERT INTO "questiontext" VALUES(10,2,"Vad vill du söka enligt?");
INSERT INTO "questiontext" VALUES(11,1,"Search by author.");
INSERT INTO "questiontext" VALUES(12,2,"Sök bland författare.");
INSERT INTO "questiontext" VALUES(13,1,"Search by title.");
INSERT INTO "questiontext" VALUES(14,2,"Sök bland titel.");
INSERT INTO "questiontext" VALUES(15,1,"Author keywords:");
INSERT INTO "questiontext" VALUES(16,2,"Sökord författare:");
INSERT INTO "questiontext" VALUES(17,1,"Title keywords:");
INSERT INTO "questiontext" VALUES(18,2,"Sökord titel:");
INSERT INTO "questiontext" VALUES(19,1,"How do you want to browse the library?");
INSERT INTO "questiontext" VALUES(20,2,"Hur vill du utforska biblioteket?");
INSERT INTO "questiontext" VALUES(21,1,"Browse by title.");
INSERT INTO "questiontext" VALUES(22,2,"Utforska bland titlar.");
INSERT INTO "questiontext" VALUES(23,1,"Browse by Daisy 2 content format.");
INSERT INTO "questiontext" VALUES(24,2,"Utforska bland Daisy 2 filformat.");
INSERT INTO "questiontext" VALUES(25,1,"Browse by Daisy 3 content format.");
INSERT INTO "questiontext" VALUES(26,2,"Utforska bland Daisy 3 filformat.");
INSERT INTO "questiontext" VALUES(27,1,"How would you rate this service?");
INSERT INTO "questiontext" VALUES(28,2,"Hur skulle du betygsätta denna tjänst?");
INSERT INTO "questiontext" VALUES(29,1,"Optional feedback?");
INSERT INTO "questiontext" VALUES(30,2,"Frivillig feedback?");
INSERT INTO "questiontext" VALUES(31,1,"Excellent.");
INSERT INTO "questiontext" VALUES(32,2,"Utmärkt.");
INSERT INTO "questiontext" VALUES(33,1,"Good.");
INSERT INTO "questiontext" VALUES(34,2,"Bra.");
INSERT INTO "questiontext" VALUES(35,1,"Fair.");
INSERT INTO "questiontext" VALUES(36,2,"Dålig.");
INSERT INTO "questiontext" VALUES(37,1,"Poor.");
INSERT INTO "questiontext" VALUES(38,2,"Usel.");
INSERT INTO "questiontext" VALUES(39,1,"Thank you for your feedback.");
INSERT INTO "questiontext" VALUES(40,2,"Tack för din feedback.");
CREATE TABLE "questionaudio" (
  "id" INTEGER PRIMARY KEY AUTOINCREMENT,
  "questiontext_id" INTEGER NOT NULL,
  "size" INTEGER NOT NULL,
  "length" INTEGER NOT NULL,
  FOREIGN KEY("questiontext_id") REFERENCES "questiontext"("id") ON DELETE SET NULL ON UPDATE SET NULL
);
INSERT INTO questionaudio VALUES(1,1,13817,1303);
INSERT INTO questionaudio VALUES(2,2,14634,1049);
INSERT INTO questionaudio VALUES(3,3,13649,1016);
INSERT INTO questionaudio VALUES(4,4,14255,1358);
INSERT INTO questionaudio VALUES(5,5,13414,971);
INSERT INTO questionaudio VALUES(6,6,14323,1427);
INSERT INTO questionaudio VALUES(7,7,10317,776);
INSERT INTO questionaudio VALUES(8,8,11936,865);
INSERT INTO questionaudio VALUES(9,9,16948,1731);
INSERT INTO questionaudio VALUES(10,10,15906,1495);
INSERT INTO questionaudio VALUES(11,11,12455,920);
INSERT INTO questionaudio VALUES(12,12,12857,1475);
INSERT INTO questionaudio VALUES(13,13,10729,1016);
INSERT INTO questionaudio VALUES(14,14,11504,1092);
INSERT INTO questionaudio VALUES(15,15,11760,926);
INSERT INTO questionaudio VALUES(16,16,13190,1380);
INSERT INTO questionaudio VALUES(17,17,9871,972);
INSERT INTO questionaudio VALUES(18,18,9975,997);
INSERT INTO questionaudio VALUES(19,19,22087,1985);
INSERT INTO questionaudio VALUES(20,20,21288,2002);
INSERT INTO questionaudio VALUES(21,21,9715,972);
INSERT INTO questionaudio VALUES(22,22,13854,1339);
INSERT INTO questionaudio VALUES(23,23,19397,2018);
INSERT INTO questionaudio VALUES(24,24,20361,2267);
INSERT INTO questionaudio VALUES(25,25,19313,2052);
INSERT INTO questionaudio VALUES(26,26,21900,2292);
INSERT INTO questionaudio VALUES(27,27,17356,1507);
INSERT INTO questionaudio VALUES(28,28,21999,2198);
INSERT INTO questionaudio VALUES(29,29,11525,1027);
INSERT INTO questionaudio VALUES(30,30,15271,1219);
INSERT INTO questionaudio VALUES(31,31,8239,635);
INSERT INTO questionaudio VALUES(32,32,9086,662);
INSERT INTO questionaudio VALUES(33,33,5465,324);
INSERT INTO questionaudio VALUES(34,34,8102,447);
INSERT INTO questionaudio VALUES(35,35,7485,394);
INSERT INTO questionaudio VALUES(36,36,6234,424);
INSERT INTO questionaudio VALUES(37,37,5358,318);
INSERT INTO questionaudio VALUES(38,38,7797,429);
INSERT INTO questionaudio VALUES(39,39,15523,1368);
INSERT INTO questionaudio VALUES(40,40,14041,1320);
CREATE TABLE "state" (
  "id" INTEGER PRIMARY KEY AUTOINCREMENT,
  "state" TEXT NOT NULL
);
INSERT INTO "state" VALUES(1,'START');
INSERT INTO "state" VALUES(2,'PAUSE');
INSERT INTO "state" VALUES(3,'RESUME');
INSERT INTO "state" VALUES(4,'FINISH');
CREATE TABLE "user" (
  "id" INTEGER PRIMARY KEY AUTOINCREMENT,
  "username" TEXT NOT NULL,
  "password" TEXT NOT NULL,
  "terms_accepted" INTEGER NOT NULL DEFAULT '0',
  "log" INTEGER NOT NULL DEFAULT '0'
);
INSERT INTO "user" VALUES(1,'kolibre','kolibre',0,1);
INSERT INTO "user" VALUES(2,'user1','password',0,1);
INSERT INTO "user" VALUES(3,'user2','password',0,1);
INSERT INTO "user" VALUES(4,'user3','password',0,1);
INSERT INTO "user" VALUES(5,'user4','password',0,1);
INSERT INTO "user" VALUES(6,'user5','password',0,1);
INSERT INTO "user" VALUES(7,'user6','password',0,1);
INSERT INTO "user" VALUES(8,'user7','password',0,1);
INSERT INTO "user" VALUES(9,'user8','password',0,1);
INSERT INTO "user" VALUES(10,'user9','password',0,1);
INSERT INTO "user" VALUES(11,'user10','password',0,1);
CREATE TABLE "userannouncement" (
  "id" INTEGER PRIMARY KEY AUTOINCREMENT,
  "user_id" INTEGER NOT NULL,
  "announcement_id" INTEGER NOT NULL,
  "read_at" NUMERIC DEFAULT NULL,
  "updated_at" NUMERIC NOT NULL DEFAULT CURRENT_TIMESTAMP,
  FOREIGN KEY("user_id") REFERENCES "user"("id") ON DELETE SET NULL ON UPDATE SET NULL,
  FOREIGN KEY("announcement_id") REFERENCES "announcement"("id") ON DELETE SET NULL ON UPDATE SET NULL
);
CREATE TABLE "userbookmark" (
  "id" INTEGER PRIMARY KEY AUTOINCREMENT,
  "user_id" INTEGER NOT NULL,
  "content_id" INTEGER NOT NULL,
  "bookmarkset" TEXT NOT NULL,
  "updated_at" NUMERIC NOT NULL DEFAULT CURRENT_TIMESTAMP,
  FOREIGN KEY("user_id") REFERENCES "user"("id") ON DELETE SET NULL ON UPDATE SET NULL
);
INSERT INTO "userannouncement" VALUES(1,1,1,NULL,'0000-00-00 00:00:00');
INSERT INTO "userannouncement" VALUES(2,1,2,NULL,'0000-00-00 00:00:00');
INSERT INTO "userannouncement" VALUES(3,2,1,NULL,'0000-00-00 00:00:00');
INSERT INTO "userannouncement" VALUES(4,2,2,NULL,'0000-00-00 00:00:00');
INSERT INTO "userannouncement" VALUES(5,3,1,NULL,'0000-00-00 00:00:00');
INSERT INTO "userannouncement" VALUES(6,3,2,NULL,'0000-00-00 00:00:00');
INSERT INTO "userannouncement" VALUES(7,4,1,NULL,'0000-00-00 00:00:00');
INSERT INTO "userannouncement" VALUES(8,4,2,NULL,'0000-00-00 00:00:00');
INSERT INTO "userannouncement" VALUES(9,5,1,NULL,'0000-00-00 00:00:00');
INSERT INTO "userannouncement" VALUES(10,5,2,NULL,'0000-00-00 00:00:00');
INSERT INTO "userannouncement" VALUES(11,6,1,NULL,'0000-00-00 00:00:00');
INSERT INTO "userannouncement" VALUES(12,6,2,NULL,'0000-00-00 00:00:00');
CREATE TABLE "usercontent" (
  "id" INTEGER PRIMARY KEY AUTOINCREMENT,
  "user_id" INTEGER  NOT NULL,
  "content_id" INTEGER  NOT NULL,
  "contentlist_id" INTEGER  NOT NULL,
  "return" INTEGER NOT NULL,
  "returned" INTEGER NOT NULL DEFAULT '0',
  "return_at" NUMERIC DEFAULT NULL,
  "state_id" INTEGER DEFAULT NULL,
  "updated_at" NUMERIC NOT NULL DEFAULT CURRENT_TIMESTAMP,
  FOREIGN KEY("user_id") REFERENCES "user"("id") ON DELETE SET NULL ON UPDATE SET NULL,
  FOREIGN KEY("content_id") REFERENCES "content"("id") ON DELETE SET NULL ON UPDATE SET NULL,
  FOREIGN KEY("contentlist_id") REFERENCES "contentlist"("id") ON DELETE SET NULL ON UPDATE SET NULL,
  FOREIGN KEY("state_id") REFERENCES "state"("id") ON DELETE SET NULL ON UPDATE SET NULL
);
INSERT INTO "usercontent" VALUES(1,1,1,1,1,0,NULL,NULL,'0000-00-00 00:00:00');
INSERT INTO "usercontent" VALUES(2,1,2,1,1,0,NULL,NULL,'0000-00-00 00:00:00');
INSERT INTO "usercontent" VALUES(3,1,3,1,1,0,NULL,NULL,'0000-00-00 00:00:00');
INSERT INTO "usercontent" VALUES(4,2,1,1,1,0,NULL,NULL,'0000-00-00 00:00:00');
INSERT INTO "usercontent" VALUES(5,2,2,1,1,0,NULL,NULL,'0000-00-00 00:00:00');
INSERT INTO "usercontent" VALUES(6,2,3,1,1,0,NULL,NULL,'0000-00-00 00:00:00');
INSERT INTO "usercontent" VALUES(7,3,1,1,1,0,NULL,NULL,'0000-00-00 00:00:00');
INSERT INTO "usercontent" VALUES(8,3,2,1,1,0,NULL,NULL,'0000-00-00 00:00:00');
INSERT INTO "usercontent" VALUES(9,3,3,1,1,0,NULL,NULL,'0000-00-00 00:00:00');
INSERT INTO "usercontent" VALUES(10,4,1,1,1,0,NULL,NULL,'0000-00-00 00:00:00');
INSERT INTO "usercontent" VALUES(11,4,2,1,1,0,NULL,NULL,'0000-00-00 00:00:00');
INSERT INTO "usercontent" VALUES(12,4,3,1,1,0,NULL,NULL,'0000-00-00 00:00:00');
INSERT INTO "usercontent" VALUES(13,5,1,1,1,0,NULL,NULL,'0000-00-00 00:00:00');
INSERT INTO "usercontent" VALUES(14,5,2,1,1,0,NULL,NULL,'0000-00-00 00:00:00');
INSERT INTO "usercontent" VALUES(15,5,3,1,1,0,NULL,NULL,'0000-00-00 00:00:00');
INSERT INTO "usercontent" VALUES(16,6,1,1,1,0,NULL,NULL,'0000-00-00 00:00:00');
INSERT INTO "usercontent" VALUES(17,6,2,1,1,0,NULL,NULL,'0000-00-00 00:00:00');
INSERT INTO "usercontent" VALUES(18,6,3,1,1,0,NULL,NULL,'0000-00-00 00:00:00');
CREATE TABLE "userlog" (
  "id" INTEGER PRIMARY KEY AUTOINCREMENT,
  "user_id" INTEGER  NOT NULL,
  "datetime" NUMERIC NOT NULL,
  "request" TEXT NOT NULL,
  "response" TEXT NOT NULL,
  "ip" TEXT NOT NULL DEFAULT '0.0.0.0'
);
DELETE FROM sqlite_sequence;
INSERT INTO "sqlite_sequence" VALUES('announcement',2);
INSERT INTO "sqlite_sequence" VALUES('announcementtext',4);
INSERT INTO "sqlite_sequence" VALUES('announcementaudio',4);
INSERT INTO "sqlite_sequence" VALUES('category',4);
INSERT INTO "sqlite_sequence" VALUES('daisyformat',3);
INSERT INTO "sqlite_sequence" VALUES('content',3);
INSERT INTO "sqlite_sequence" VALUES('contentaudio',3);
INSERT INTO "sqlite_sequence" VALUES('contentlist',30);
INSERT INTO "sqlite_sequence" VALUES('contentmetadata',67);
INSERT INTO "sqlite_sequence" VALUES('contentresource',146);
INSERT INTO "sqlite_sequence" VALUES('language',2);
INSERT INTO "sqlite_sequence" VALUES('question',50);
INSERT INTO "sqlite_sequence" VALUES('questioninput',7);
INSERT INTO "sqlite_sequence" VALUES('questiontype',5);
INSERT INTO "sqlite_sequence" VALUES('question_questiontext',48);
INSERT INTO "sqlite_sequence" VALUES('questiontext',40);
INSERT INTO "sqlite_sequence" VALUES('questionaudio',40);
INSERT INTO "sqlite_sequence" VALUES('state',4);
INSERT INTO "sqlite_sequence" VALUES('user',11);
INSERT INTO "sqlite_sequence" VALUES('userannouncement',12);
INSERT INTO "sqlite_sequence" VALUES('usercontent',18);
CREATE INDEX index_foreignkey_content_daisyformat ON "content" (daisyformat_id);
CREATE INDEX index_foreignkey_content_category ON "content" (category_id);
CREATE INDEX index_foreignkey_contentaudio_content ON "contentaudio" (content_id);
CREATE INDEX index_foreignkey_contentmetadata_content ON "contentmetadata" (content_id);
CREATE INDEX index_foreignkey_contentresource_content ON "contentresource" (content_id);
CREATE INDEX index_foreignkey_usercontent_contentlist ON "usercontent" (contentlist_id);
CREATE INDEX index_foreignkey_usercontent_content ON "usercontent" (content_id);
CREATE INDEX index_foreignkey_usercontent_user ON "usercontent" (user_id);
CREATE INDEX index_foreignkey_userlog_user ON "userlog" (user_id);
COMMIT;
