PRAGMA foreign_keys=OFF;
BEGIN TRANSACTION;
CREATE TABLE IF NOT EXISTS "schema_migrations" ("version" varchar NOT NULL PRIMARY KEY);
INSERT INTO schema_migrations VALUES('20190111182636');
INSERT INTO schema_migrations VALUES('20190220111925');
INSERT INTO schema_migrations VALUES('20190220113222');
INSERT INTO schema_migrations VALUES('20190220113815');
INSERT INTO schema_migrations VALUES('20190220160412');
INSERT INTO schema_migrations VALUES('20190220162144');
INSERT INTO schema_migrations VALUES('20190220181504');
INSERT INTO schema_migrations VALUES('20190220182034');
INSERT INTO schema_migrations VALUES('20190220182555');
INSERT INTO schema_migrations VALUES('20190220183617');
INSERT INTO schema_migrations VALUES('20190220185209');
INSERT INTO schema_migrations VALUES('20190220190259');
INSERT INTO schema_migrations VALUES('20190220190600');
INSERT INTO schema_migrations VALUES('20190221164321');
INSERT INTO schema_migrations VALUES('20190221164819');
INSERT INTO schema_migrations VALUES('20190221165021');
INSERT INTO schema_migrations VALUES('20190221171607');
INSERT INTO schema_migrations VALUES('20190221173404');
INSERT INTO schema_migrations VALUES('20190221181516');
INSERT INTO schema_migrations VALUES('20190221181952');
INSERT INTO schema_migrations VALUES('20190221182750');
INSERT INTO schema_migrations VALUES('20190221183224');
INSERT INTO schema_migrations VALUES('20190508030826');
CREATE TABLE IF NOT EXISTS "ar_internal_metadata" ("key" varchar NOT NULL PRIMARY KEY, "value" varchar, "created_at" datetime NOT NULL, "updated_at" datetime NOT NULL);
INSERT INTO ar_internal_metadata VALUES('environment','development','2019-05-17 19:37:18.985931','2019-05-17 19:37:18.985931');
CREATE TABLE IF NOT EXISTS "announcement_audios" ("id" integer PRIMARY KEY AUTOINCREMENT NOT NULL, "announcement_text_id" integer, "size" integer NOT NULL, "length" integer NOT NULL, "created_at" datetime NOT NULL, "updated_at" datetime NOT NULL);
INSERT INTO announcement_audios VALUES(1,1,24677,2594,'2019-05-17 19:37:48.166173','2019-05-17 19:37:48.166173');
INSERT INTO announcement_audios VALUES(2,2,27392,2880,'2019-05-17 19:37:48.169136','2019-05-17 19:37:48.169136');
INSERT INTO announcement_audios VALUES(3,3,53310,5680,'2019-05-17 19:37:48.171597','2019-05-17 19:37:48.171597');
INSERT INTO announcement_audios VALUES(4,4,63226,6952,'2019-05-17 19:37:48.174694','2019-05-17 19:37:48.174694');
CREATE TABLE IF NOT EXISTS "announcement_texts" ("id" integer PRIMARY KEY AUTOINCREMENT NOT NULL, "announcement_id" integer, "text" text NOT NULL, "language_id" integer, "created_at" datetime NOT NULL, "updated_at" datetime NOT NULL);
INSERT INTO announcement_texts VALUES(1,1,'Welcome to the Kolibre Daisy Online demo service.',1,'2019-05-17 19:37:48.147968','2019-05-17 19:37:48.147968');
INSERT INTO announcement_texts VALUES(2,1,'Välkommen till Kolibres Daisy Online demo tjänst.',2,'2019-05-17 19:37:48.151073','2019-05-17 19:37:48.151073');
INSERT INTO announcement_texts VALUES(3,2,'Feel free to use and explore this service. Remember to mark the announcements as read when you have read them.',1,'2019-05-17 19:37:48.153958','2019-05-17 19:37:48.153958');
INSERT INTO announcement_texts VALUES(4,2,'Du kan fritt använda och utforska denna tjänst. Kom ihåg att markera meddelandena som lästa efter att du läst dem.',2,'2019-05-17 19:37:48.157154','2019-05-17 19:37:48.157154');
CREATE TABLE IF NOT EXISTS "announcements" ("id" integer PRIMARY KEY AUTOINCREMENT NOT NULL, "category" text, "priority" text DEFAULT 'LOW' NOT NULL, "created_at" datetime NOT NULL, "updated_at" datetime NOT NULL);
INSERT INTO announcements VALUES(1,'INFORMATION','MEDIUM','2019-05-17 19:37:48.129078','2019-05-17 19:37:48.129078');
INSERT INTO announcements VALUES(2,'INFORMATION','LOW','2019-05-17 19:37:48.132917','2019-05-17 19:37:48.132917');
CREATE TABLE IF NOT EXISTS "categories" ("id" integer PRIMARY KEY AUTOINCREMENT NOT NULL, "name" text NOT NULL, "created_at" datetime NOT NULL, "updated_at" datetime NOT NULL);
INSERT INTO categories VALUES(1,'BOOK','2019-05-17 19:37:48.026168','2019-05-17 19:37:48.026168');
INSERT INTO categories VALUES(2,'MAGAZINE','2019-05-17 19:37:48.028747','2019-05-17 19:37:48.028747');
INSERT INTO categories VALUES(3,'NEWSPAPER','2019-05-17 19:37:48.031798','2019-05-17 19:37:48.031798');
INSERT INTO categories VALUES(4,'OTHER','2019-05-17 19:37:48.036058','2019-05-17 19:37:48.036058');
CREATE TABLE IF NOT EXISTS "content_audios" ("id" integer PRIMARY KEY AUTOINCREMENT NOT NULL, "content_id" integer, "size" integer NOT NULL, "length" integer NOT NULL, "created_at" datetime NOT NULL, "updated_at" datetime NOT NULL);
INSERT INTO content_audios VALUES(1,1,44724,6315,'2019-05-17 19:37:48.203143','2019-05-17 19:37:48.203143');
INSERT INTO content_audios VALUES(2,2,16139,5201,'2019-05-17 19:37:48.208038','2019-05-17 19:37:48.208038');
INSERT INTO content_audios VALUES(3,3,20335,1945,'2019-05-17 19:37:48.211058','2019-05-17 19:37:48.211058');
CREATE TABLE IF NOT EXISTS "content_lists" ("id" integer PRIMARY KEY AUTOINCREMENT NOT NULL, "name" text NOT NULL, "created_at" datetime NOT NULL, "updated_at" datetime NOT NULL);
INSERT INTO content_lists VALUES(1,'bookshelf','2019-05-17 19:37:48.076479','2019-05-17 19:37:48.076479');
INSERT INTO content_lists VALUES(2,'new','2019-05-17 19:37:48.079270','2019-05-17 19:37:48.079270');
INSERT INTO content_lists VALUES(3,'issued','2019-05-17 19:37:48.081027','2019-05-17 19:37:48.081027');
INSERT INTO content_lists VALUES(4,'expired','2019-05-17 19:37:48.082941','2019-05-17 19:37:48.082941');
INSERT INTO content_lists VALUES(20,'search','2019-05-17 19:37:48.084833','2019-05-17 19:37:48.084833');
INSERT INTO content_lists VALUES(30,'browse','2019-05-17 19:37:48.087349','2019-05-17 19:37:48.087349');
CREATE TABLE IF NOT EXISTS "content_metadata" ("id" integer PRIMARY KEY AUTOINCREMENT NOT NULL, "content_id" integer, "key" text NOT NULL, "value" text NOT NULL, "created_at" datetime NOT NULL, "updated_at" datetime NOT NULL);
INSERT INTO content_metadata VALUES(1,1,'dc:creator','Henry James','2019-05-17 19:37:48.222324','2019-05-17 19:37:48.222324');
INSERT INTO content_metadata VALUES(2,1,'dc:date','2009-06-22','2019-05-17 19:37:48.226739','2019-05-17 19:37:48.226739');
INSERT INTO content_metadata VALUES(3,1,'dc:format','Daisy 2.02','2019-05-17 19:37:48.230221','2019-05-17 19:37:48.230221');
INSERT INTO content_metadata VALUES(4,1,'dc:identifier','Unknown','2019-05-17 19:37:48.235177','2019-05-17 19:37:48.235177');
INSERT INTO content_metadata VALUES(5,1,'dc:language','en','2019-05-17 19:37:48.237487','2019-05-17 19:37:48.237487');
INSERT INTO content_metadata VALUES(6,1,'dc:publisher','DC','2019-05-17 19:37:48.240471','2019-05-17 19:37:48.240471');
INSERT INTO content_metadata VALUES(7,1,'dc:source','The galaxy vol. 8 no. 1 (July 1869),   pages 49-68','2019-05-17 19:37:48.243435','2019-05-17 19:37:48.243435');
INSERT INTO content_metadata VALUES(8,1,'dc:subject','Relationships, betrayal','2019-05-17 19:37:48.245541','2019-05-17 19:37:48.245541');
INSERT INTO content_metadata VALUES(9,1,'dc:title','A light Man','2019-05-17 19:37:48.247737','2019-05-17 19:37:48.247737');
INSERT INTO content_metadata VALUES(10,1,'ncc:charset','utf-8','2019-05-17 19:37:48.250065','2019-05-17 19:37:48.250065');
INSERT INTO content_metadata VALUES(11,1,'ncc:depth','1','2019-05-17 19:37:48.253098','2019-05-17 19:37:48.253098');
INSERT INTO content_metadata VALUES(12,1,'ncc:files','36','2019-05-17 19:37:48.255892','2019-05-17 19:37:48.255892');
INSERT INTO content_metadata VALUES(13,1,'ncc:footnotes','0','2019-05-17 19:37:48.258707','2019-05-17 19:37:48.258707');
INSERT INTO content_metadata VALUES(14,1,'ncc:generator','EasePublisher 2.13 Build 163 # 044FS2212172434','2019-05-17 19:37:48.261792','2019-05-17 19:37:48.261792');
INSERT INTO content_metadata VALUES(15,1,'ncc:kbytesize','35930','2019-05-17 19:37:48.264254','2019-05-17 19:37:48.264254');
INSERT INTO content_metadata VALUES(16,1,'ncc:maxpagenormal','26','2019-05-17 19:37:48.267178','2019-05-17 19:37:48.267178');
INSERT INTO content_metadata VALUES(17,1,'ncc:multimediatype','audioNcc','2019-05-17 19:37:48.269971','2019-05-17 19:37:48.269971');
INSERT INTO content_metadata VALUES(18,1,'ncc:narrator','OM','2019-05-17 19:37:48.273169','2019-05-17 19:37:48.273169');
INSERT INTO content_metadata VALUES(19,1,'ncc:pagefront','0','2019-05-17 19:37:48.275826','2019-05-17 19:37:48.275826');
INSERT INTO content_metadata VALUES(20,1,'ncc:pagenormal','26','2019-05-17 19:37:48.279152','2019-05-17 19:37:48.279152');
INSERT INTO content_metadata VALUES(21,1,'ncc:pagespecial','0','2019-05-17 19:37:48.281980','2019-05-17 19:37:48.281980');
INSERT INTO content_metadata VALUES(22,1,'ncc:prodnotes','0','2019-05-17 19:37:48.284419','2019-05-17 19:37:48.284419');
INSERT INTO content_metadata VALUES(23,1,'ncc:setinfo','1 of 1','2019-05-17 19:37:48.287718','2019-05-17 19:37:48.287718');
INSERT INTO content_metadata VALUES(24,1,'ncc:sidebars','0','2019-05-17 19:37:48.291761','2019-05-17 19:37:48.291761');
INSERT INTO content_metadata VALUES(25,1,'ncc:sourcedate','2009-07-18','2019-05-17 19:37:48.297715','2019-05-17 19:37:48.297715');
INSERT INTO content_metadata VALUES(26,1,'ncc:sourceedition','1.','2019-05-17 19:37:48.303505','2019-05-17 19:37:48.303505');
INSERT INTO content_metadata VALUES(27,1,'ncc:sourcepublisher','The galaxy vol. 8 no. 1 (July 1869),   pages 49-68','2019-05-17 19:37:48.306280','2019-05-17 19:37:48.306280');
INSERT INTO content_metadata VALUES(28,1,'ncc:sourcerights','Gutenberg project','2019-05-17 19:37:48.308797','2019-05-17 19:37:48.308797');
INSERT INTO content_metadata VALUES(29,1,'ncc:sourcetitle','A light man','2019-05-17 19:37:48.311802','2019-05-17 19:37:48.311802');
INSERT INTO content_metadata VALUES(30,1,'ncc:tocitems','43','2019-05-17 19:37:48.316298','2019-05-17 19:37:48.316298');
INSERT INTO content_metadata VALUES(31,1,'ncc:totaltime','01:27:15','2019-05-17 19:37:48.319533','2019-05-17 19:37:48.319533');
INSERT INTO content_metadata VALUES(32,1,'prod:ep_update','','2019-05-17 19:37:48.321916','2019-05-17 19:37:48.321916');
INSERT INTO content_metadata VALUES(33,1,'prod:last_used_id','','2019-05-17 19:37:48.324131','2019-05-17 19:37:48.324131');
INSERT INTO content_metadata VALUES(34,2,'dc:creator','WikiHow','2019-05-17 19:37:48.327958','2019-05-17 19:37:48.327958');
INSERT INTO content_metadata VALUES(35,2,'dc:date','2009-04-26','2019-05-17 19:37:48.330474','2019-05-17 19:37:48.330474');
INSERT INTO content_metadata VALUES(36,2,'dc:format','ANSI/NIZO Z39.86-2005','2019-05-17 19:37:48.332769','2019-05-17 19:37:48.332769');
INSERT INTO content_metadata VALUES(37,2,'dc:identifier','5078727220897727718','2019-05-17 19:37:48.335244','2019-05-17 19:37:48.335244');
INSERT INTO content_metadata VALUES(38,2,'dc:language','en-IN','2019-05-17 19:37:48.338284','2019-05-17 19:37:48.338284');
INSERT INTO content_metadata VALUES(39,2,'dc:publisher','DAISY India','2019-05-17 19:37:48.340797','2019-05-17 19:37:48.340797');
INSERT INTO content_metadata VALUES(40,2,'dc:subject','A Short Manual for Disaster Management','2019-05-17 19:37:48.343966','2019-05-17 19:37:48.343966');
INSERT INTO content_metadata VALUES(41,2,'dc:title','ARE YOU READY?','2019-05-17 19:37:48.346233','2019-05-17 19:37:48.346233');
INSERT INTO content_metadata VALUES(42,3,'dc:title','Climbing the Highest Mountain','2019-05-17 19:37:48.348487','2019-05-17 19:37:48.348487');
INSERT INTO content_metadata VALUES(43,3,'dc:creator','Per Sennels','2019-05-17 19:37:48.352001','2019-05-17 19:37:48.352001');
INSERT INTO content_metadata VALUES(44,3,'dc:date','2003-05-08','2019-05-17 19:37:48.355178','2019-05-17 19:37:48.355178');
INSERT INTO content_metadata VALUES(45,3,'dc:format','Daisy 2.02','2019-05-17 19:37:48.357646','2019-05-17 19:37:48.357646');
INSERT INTO content_metadata VALUES(46,3,'dc:identifier','skipdemo-amsterdam','2019-05-17 19:37:48.360754','2019-05-17 19:37:48.360754');
INSERT INTO content_metadata VALUES(47,3,'dc:language','en','2019-05-17 19:37:48.363300','2019-05-17 19:37:48.363300');
INSERT INTO content_metadata VALUES(48,3,'dc:publisher','DAISY Consortium','2019-05-17 19:37:48.366314','2019-05-17 19:37:48.366314');
INSERT INTO content_metadata VALUES(49,3,'dc:subject','Mountains','2019-05-17 19:37:48.369452','2019-05-17 19:37:48.369452');
INSERT INTO content_metadata VALUES(50,3,'ncc:pagefront','0','2019-05-17 19:37:48.373375','2019-05-17 19:37:48.373375');
INSERT INTO content_metadata VALUES(51,3,'ncc:pagenormal','8','2019-05-17 19:37:48.376726','2019-05-17 19:37:48.376726');
INSERT INTO content_metadata VALUES(52,3,'ncc:pagespecial','0','2019-05-17 19:37:48.379583','2019-05-17 19:37:48.379583');
INSERT INTO content_metadata VALUES(53,3,'ncc:setinfo','1 of 1','2019-05-17 19:37:48.381899','2019-05-17 19:37:48.381899');
INSERT INTO content_metadata VALUES(54,3,'ncc:depth','3','2019-05-17 19:37:48.384491','2019-05-17 19:37:48.384491');
INSERT INTO content_metadata VALUES(55,3,'ncc:maxpagenormal','8','2019-05-17 19:37:48.387253','2019-05-17 19:37:48.387253');
INSERT INTO content_metadata VALUES(56,3,'ncc:multimediatype','audioNcc','2019-05-17 19:37:48.390108','2019-05-17 19:37:48.390108');
INSERT INTO content_metadata VALUES(57,3,'ncc:narrator','Joan Dahm-Simonsen','2019-05-17 19:37:48.392817','2019-05-17 19:37:48.392817');
INSERT INTO content_metadata VALUES(58,3,'ncc:producer','Huseby kompetansesenter','2019-05-17 19:37:48.395251','2019-05-17 19:37:48.395251');
INSERT INTO content_metadata VALUES(59,3,'ncc:generator','Skippability Tweaker 0.1.53','2019-05-17 19:37:48.399029','2019-05-17 19:37:48.399029');
INSERT INTO content_metadata VALUES(60,3,'ncc:sidebars','4','2019-05-17 19:37:48.401647','2019-05-17 19:37:48.401647');
INSERT INTO content_metadata VALUES(61,3,'ncc:prodnotes','2','2019-05-17 19:37:48.404470','2019-05-17 19:37:48.404470');
INSERT INTO content_metadata VALUES(62,3,'ncc:footnotes','1','2019-05-17 19:37:48.408349','2019-05-17 19:37:48.408349');
INSERT INTO content_metadata VALUES(63,3,'ncc:totaltime','00:05:27','2019-05-17 19:37:48.411307','2019-05-17 19:37:48.411307');
INSERT INTO content_metadata VALUES(64,3,'ncc:charset','windows-1252','2019-05-17 19:37:48.414517','2019-05-17 19:37:48.414517');
INSERT INTO content_metadata VALUES(65,3,'ncc:files','20','2019-05-17 19:37:48.418853','2019-05-17 19:37:48.418853');
INSERT INTO content_metadata VALUES(66,3,'ncc:kbytesize','1975','2019-05-17 19:37:48.421999','2019-05-17 19:37:48.421999');
INSERT INTO content_metadata VALUES(67,3,'ncc:tocitems','23','2019-05-17 19:37:48.424711','2019-05-17 19:37:48.424711');
CREATE TABLE IF NOT EXISTS "content_resources" ("id" integer PRIMARY KEY AUTOINCREMENT NOT NULL, "content_id" integer, "file_name" text DEFAULT '' NOT NULL, "bytes" integer DEFAULT 0 NOT NULL, "mime_type" text DEFAULT 'unknown' NOT NULL, "created_at" datetime NOT NULL, "updated_at" datetime NOT NULL);
INSERT INTO content_resources VALUES(1,1,'01_A_light_Man.mp3',45531,'application/octet-stream','2019-05-17 19:37:48.439814','2019-05-17 19:37:48.439814');
INSERT INTO content_resources VALUES(2,1,'02_Epigraph.mp3',176822,'application/octet-stream','2019-05-17 19:37:48.442871','2019-05-17 19:37:48.442871');
INSERT INTO content_resources VALUES(3,1,'03_April_4th_1857.mp3',1540205,'application/octet-stream','2019-05-17 19:37:48.446174','2019-05-17 19:37:48.446174');
INSERT INTO content_resources VALUES(4,1,'04_7th_.mp3',1204845,'application/octet-stream','2019-05-17 19:37:48.449701','2019-05-17 19:37:48.449701');
INSERT INTO content_resources VALUES(5,1,'05_D_the_14th_.mp3',8934948,'application/octet-stream','2019-05-17 19:37:48.452397','2019-05-17 19:37:48.452397');
INSERT INTO content_resources VALUES(6,1,'06_19th_.mp3',2863908,'application/octet-stream','2019-05-17 19:37:48.455310','2019-05-17 19:37:48.455310');
INSERT INTO content_resources VALUES(7,1,'07_22d_.mp3',4464640,'application/octet-stream','2019-05-17 19:37:48.458577','2019-05-17 19:37:48.458577');
INSERT INTO content_resources VALUES(8,1,'08_26th_.mp3',1939748,'application/octet-stream','2019-05-17 19:37:48.460784','2019-05-17 19:37:48.460784');
INSERT INTO content_resources VALUES(9,1,'09_May_3d_.mp3',1940662,'application/octet-stream','2019-05-17 19:37:48.463348','2019-05-17 19:37:48.463348');
INSERT INTO content_resources VALUES(10,1,'10_8th_.mp3',2005028,'application/octet-stream','2019-05-17 19:37:48.467322','2019-05-17 19:37:48.467322');
INSERT INTO content_resources VALUES(11,1,'11_13th_.mp3',741302,'application/octet-stream','2019-05-17 19:37:48.469860','2019-05-17 19:37:48.469860');
INSERT INTO content_resources VALUES(12,1,'12_18th_.mp3',691565,'application/octet-stream','2019-05-17 19:37:48.472719','2019-05-17 19:37:48.472719');
INSERT INTO content_resources VALUES(13,1,'13_20th_.mp3',2834468,'application/octet-stream','2019-05-17 19:37:48.475718','2019-05-17 19:37:48.475718');
INSERT INTO content_resources VALUES(14,1,'14_21st_.mp3',1639497,'application/octet-stream','2019-05-17 19:37:48.477854','2019-05-17 19:37:48.477854');
INSERT INTO content_resources VALUES(15,1,'15_22d_.mp3',451657,'application/octet-stream','2019-05-17 19:37:48.480145','2019-05-17 19:37:48.480145');
INSERT INTO content_resources VALUES(16,1,'16_23d_.mp3',4836205,'application/octet-stream','2019-05-17 19:37:48.484008','2019-05-17 19:37:48.484008');
INSERT INTO content_resources VALUES(17,1,'17_24th_.mp3',348342,'application/octet-stream','2019-05-17 19:37:48.486250','2019-05-17 19:37:48.486250');
INSERT INTO content_resources VALUES(18,1,'er_book_info.xml',1108,'text/plain','2019-05-17 19:37:48.488462','2019-05-17 19:37:48.488462');
INSERT INTO content_resources VALUES(19,1,'icth0001.smil',1086,'text/plain','2019-05-17 19:37:48.491135','2019-05-17 19:37:48.491135');
INSERT INTO content_resources VALUES(20,1,'icth0002.smil',2128,'text/plain','2019-05-17 19:37:48.493650','2019-05-17 19:37:48.493650');
INSERT INTO content_resources VALUES(21,1,'icth0003.smil',6888,'text/plain','2019-05-17 19:37:48.497484','2019-05-17 19:37:48.497484');
INSERT INTO content_resources VALUES(22,1,'icth0004.smil',4667,'text/plain','2019-05-17 19:37:48.500962','2019-05-17 19:37:48.500962');
INSERT INTO content_resources VALUES(23,1,'icth0005.smil',27641,'text/plain','2019-05-17 19:37:48.504178','2019-05-17 19:37:48.504178');
INSERT INTO content_resources VALUES(24,1,'icth0006.smil',10464,'text/plain','2019-05-17 19:37:48.507429','2019-05-17 19:37:48.507429');
INSERT INTO content_resources VALUES(25,1,'icth0007.smil',12533,'text/plain','2019-05-17 19:37:48.510753','2019-05-17 19:37:48.510753');
INSERT INTO content_resources VALUES(26,1,'icth0008.smil',6417,'text/plain','2019-05-17 19:37:48.513380','2019-05-17 19:37:48.513380');
INSERT INTO content_resources VALUES(27,1,'icth0009.smil',6967,'text/plain','2019-05-17 19:37:48.519984','2019-05-17 19:37:48.519984');
INSERT INTO content_resources VALUES(28,1,'icth000a.smil',6154,'text/plain','2019-05-17 19:37:48.524168','2019-05-17 19:37:48.524168');
INSERT INTO content_resources VALUES(29,1,'icth000b.smil',2248,'text/plain','2019-05-17 19:37:48.527927','2019-05-17 19:37:48.527927');
INSERT INTO content_resources VALUES(30,1,'icth000c.smil',2417,'text/plain','2019-05-17 19:37:48.532456','2019-05-17 19:37:48.532456');
INSERT INTO content_resources VALUES(31,1,'icth000d.smil',7990,'text/plain','2019-05-17 19:37:48.535788','2019-05-17 19:37:48.535788');
INSERT INTO content_resources VALUES(32,1,'icth000e.smil',5311,'text/plain','2019-05-17 19:37:48.539099','2019-05-17 19:37:48.539099');
INSERT INTO content_resources VALUES(33,1,'icth000f.smil',2517,'text/plain','2019-05-17 19:37:48.542408','2019-05-17 19:37:48.542408');
INSERT INTO content_resources VALUES(34,1,'icth0010.smil',17455,'text/plain','2019-05-17 19:37:48.545798','2019-05-17 19:37:48.545798');
INSERT INTO content_resources VALUES(35,1,'icth0011.smil',2217,'text/plain','2019-05-17 19:37:48.549225','2019-05-17 19:37:48.549225');
INSERT INTO content_resources VALUES(36,1,'master.smil',1866,'text/plain','2019-05-17 19:37:48.552179','2019-05-17 19:37:48.552179');
INSERT INTO content_resources VALUES(37,1,'ncc.html',5759,'text/html','2019-05-17 19:37:48.554453','2019-05-17 19:37:48.554453');
INSERT INTO content_resources VALUES(38,1,'smil10.dtd',7496,'text/html','2019-05-17 19:37:48.559314','2019-05-17 19:37:48.559314');
INSERT INTO content_resources VALUES(39,1,'xhtml-lat1.ent',11789,'text/html','2019-05-17 19:37:48.563217','2019-05-17 19:37:48.563217');
INSERT INTO content_resources VALUES(40,1,'xhtml-special.ent',4144,'text/html','2019-05-17 19:37:48.566152','2019-05-17 19:37:48.566152');
INSERT INTO content_resources VALUES(41,1,'xhtml-symbol.ent',14127,'text/html','2019-05-17 19:37:48.568876','2019-05-17 19:37:48.568876');
INSERT INTO content_resources VALUES(42,1,'xhtml1-transitional.dtd',33441,'text/html','2019-05-17 19:37:48.570964','2019-05-17 19:37:48.570964');
INSERT INTO content_resources VALUES(43,2,'AreYouReadyV3.xml',89235,'text/plain','2019-05-17 19:37:48.573047','2019-05-17 19:37:48.573047');
INSERT INTO content_resources VALUES(44,2,'dtbookbasic.css',12801,'text/x-c','2019-05-17 19:37:48.575699','2019-05-17 19:37:48.575699');
INSERT INTO content_resources VALUES(45,2,'image1.jpg',6168,'image/jpeg','2019-05-17 19:37:48.578491','2019-05-17 19:37:48.578491');
INSERT INTO content_resources VALUES(46,2,'image11.jpg',5586,'image/jpeg','2019-05-17 19:37:48.581914','2019-05-17 19:37:48.581914');
INSERT INTO content_resources VALUES(47,2,'image12.jpg',4826,'image/jpeg','2019-05-17 19:37:48.584033','2019-05-17 19:37:48.584033');
INSERT INTO content_resources VALUES(48,2,'image13.jpg',12586,'image/jpeg','2019-05-17 19:37:48.586130','2019-05-17 19:37:48.586130');
INSERT INTO content_resources VALUES(49,2,'image14.jpg',17587,'image/jpeg','2019-05-17 19:37:48.588261','2019-05-17 19:37:48.588261');
INSERT INTO content_resources VALUES(50,2,'image2.jpg',8577,'image/jpeg','2019-05-17 19:37:48.590249','2019-05-17 19:37:48.590249');
INSERT INTO content_resources VALUES(51,2,'image3.jpg',5981,'image/jpeg','2019-05-17 19:37:48.592658','2019-05-17 19:37:48.592658');
INSERT INTO content_resources VALUES(52,2,'image4.jpg',4720,'image/jpeg','2019-05-17 19:37:48.595170','2019-05-17 19:37:48.595170');
INSERT INTO content_resources VALUES(53,2,'image5.jpg',6589,'image/jpeg','2019-05-17 19:37:48.599915','2019-05-17 19:37:48.599915');
INSERT INTO content_resources VALUES(54,2,'speechgen.ncx',18280,'text/plain','2019-05-17 19:37:48.603883','2019-05-17 19:37:48.603883');
INSERT INTO content_resources VALUES(55,2,'speechgen.opf',8897,'text/plain','2019-05-17 19:37:48.606181','2019-05-17 19:37:48.606181');
INSERT INTO content_resources VALUES(56,2,'speechgen0001.mp3',32757,'application/octet-stream','2019-05-17 19:37:48.609859','2019-05-17 19:37:48.609859');
INSERT INTO content_resources VALUES(57,2,'speechgen0001.smil',882,'text/plain','2019-05-17 19:37:48.612493','2019-05-17 19:37:48.612493');
INSERT INTO content_resources VALUES(58,2,'speechgen0002.mp3',215823,'application/octet-stream','2019-05-17 19:37:48.617247','2019-05-17 19:37:48.617247');
INSERT INTO content_resources VALUES(59,2,'speechgen0002.smil',2716,'text/plain','2019-05-17 19:37:48.620506','2019-05-17 19:37:48.620506');
INSERT INTO content_resources VALUES(60,2,'speechgen0003.mp3',285257,'application/octet-stream','2019-05-17 19:37:48.623523','2019-05-17 19:37:48.623523');
INSERT INTO content_resources VALUES(61,2,'speechgen0003.smil',5457,'text/plain','2019-05-17 19:37:48.627092','2019-05-17 19:37:48.627092');
INSERT INTO content_resources VALUES(62,2,'speechgen0004.mp3',228832,'application/octet-stream','2019-05-17 19:37:48.630077','2019-05-17 19:37:48.630077');
INSERT INTO content_resources VALUES(63,2,'speechgen0004.smil',1477,'text/plain','2019-05-17 19:37:48.633124','2019-05-17 19:37:48.633124');
INSERT INTO content_resources VALUES(64,2,'speechgen0005.mp3',1865456,'application/octet-stream','2019-05-17 19:37:48.635362','2019-05-17 19:37:48.635362');
INSERT INTO content_resources VALUES(65,2,'speechgen0005.smil',10463,'text/plain','2019-05-17 19:37:48.638247','2019-05-17 19:37:48.638247');
INSERT INTO content_resources VALUES(66,2,'speechgen0006.mp3',735399,'application/octet-stream','2019-05-17 19:37:48.640450','2019-05-17 19:37:48.640450');
INSERT INTO content_resources VALUES(67,2,'speechgen0006.smil',4470,'text/plain','2019-05-17 19:37:48.643158','2019-05-17 19:37:48.643158');
INSERT INTO content_resources VALUES(68,2,'speechgen0007.mp3',105482,'application/octet-stream','2019-05-17 19:37:48.645991','2019-05-17 19:37:48.645991');
INSERT INTO content_resources VALUES(69,2,'speechgen0007.smil',1438,'text/plain','2019-05-17 19:37:48.648132','2019-05-17 19:37:48.648132');
INSERT INTO content_resources VALUES(70,2,'speechgen0008.mp3',95294,'application/octet-stream','2019-05-17 19:37:48.651921','2019-05-17 19:37:48.651921');
INSERT INTO content_resources VALUES(71,2,'speechgen0008.smil',1491,'text/plain','2019-05-17 19:37:48.654656','2019-05-17 19:37:48.654656');
INSERT INTO content_resources VALUES(72,2,'speechgen0009.mp3',794801,'application/octet-stream','2019-05-17 19:37:48.656874','2019-05-17 19:37:48.656874');
INSERT INTO content_resources VALUES(73,2,'speechgen0009.smil',7443,'text/plain','2019-05-17 19:37:48.659623','2019-05-17 19:37:48.659623');
INSERT INTO content_resources VALUES(74,2,'speechgen0010.mp3',258299,'application/octet-stream','2019-05-17 19:37:48.664246','2019-05-17 19:37:48.664246');
INSERT INTO content_resources VALUES(75,2,'speechgen0010.smil',2873,'text/plain','2019-05-17 19:37:48.666950','2019-05-17 19:37:48.666950');
INSERT INTO content_resources VALUES(76,2,'speechgen0011.mp3',249835,'application/octet-stream','2019-05-17 19:37:48.669313','2019-05-17 19:37:48.669313');
INSERT INTO content_resources VALUES(77,2,'speechgen0011.smil',2192,'text/plain','2019-05-17 19:37:48.672393','2019-05-17 19:37:48.672393');
INSERT INTO content_resources VALUES(78,2,'speechgen0012.mp3',225071,'application/octet-stream','2019-05-17 19:37:48.674896','2019-05-17 19:37:48.674896');
INSERT INTO content_resources VALUES(79,2,'speechgen0012.smil',2285,'text/plain','2019-05-17 19:37:48.677974','2019-05-17 19:37:48.677974');
INSERT INTO content_resources VALUES(80,2,'speechgen0013.mp3',1677374,'application/octet-stream','2019-05-17 19:37:48.683044','2019-05-17 19:37:48.683044');
INSERT INTO content_resources VALUES(81,2,'speechgen0013.smil',11510,'text/plain','2019-05-17 19:37:48.686158','2019-05-17 19:37:48.686158');
INSERT INTO content_resources VALUES(82,2,'speechgen0014.mp3',372872,'application/octet-stream','2019-05-17 19:37:48.688764','2019-05-17 19:37:48.688764');
INSERT INTO content_resources VALUES(83,2,'speechgen0014.smil',2480,'text/plain','2019-05-17 19:37:48.691760','2019-05-17 19:37:48.691760');
INSERT INTO content_resources VALUES(84,2,'speechgen0015.mp3',439327,'application/octet-stream','2019-05-17 19:37:48.694603','2019-05-17 19:37:48.694603');
INSERT INTO content_resources VALUES(85,2,'speechgen0015.smil',3243,'text/plain','2019-05-17 19:37:48.697495','2019-05-17 19:37:48.697495');
INSERT INTO content_resources VALUES(86,2,'speechgen0016.mp3',121469,'application/octet-stream','2019-05-17 19:37:48.700764','2019-05-17 19:37:48.700764');
INSERT INTO content_resources VALUES(87,2,'speechgen0016.smil',1691,'text/plain','2019-05-17 19:37:48.704419','2019-05-17 19:37:48.704419');
INSERT INTO content_resources VALUES(88,2,'speechgen0017.mp3',2289110,'application/octet-stream','2019-05-17 19:37:48.707139','2019-05-17 19:37:48.707139');
INSERT INTO content_resources VALUES(89,2,'speechgen0017.smil',17070,'text/plain','2019-05-17 19:37:48.709877','2019-05-17 19:37:48.709877');
INSERT INTO content_resources VALUES(90,2,'speechgen0018.mp3',1220493,'application/octet-stream','2019-05-17 19:37:48.712051','2019-05-17 19:37:48.712051');
INSERT INTO content_resources VALUES(91,2,'speechgen0018.smil',9825,'text/plain','2019-05-17 19:37:48.718195','2019-05-17 19:37:48.718195');
INSERT INTO content_resources VALUES(92,2,'speechgen0019.mp3',181185,'application/octet-stream','2019-05-17 19:37:48.720906','2019-05-17 19:37:48.720906');
INSERT INTO content_resources VALUES(93,2,'speechgen0019.smil',1640,'text/plain','2019-05-17 19:37:48.723859','2019-05-17 19:37:48.723859');
INSERT INTO content_resources VALUES(94,2,'speechgen0020.mp3',1113756,'application/octet-stream','2019-05-17 19:37:48.726290','2019-05-17 19:37:48.726290');
INSERT INTO content_resources VALUES(95,2,'speechgen0020.smil',7023,'text/plain','2019-05-17 19:37:48.728662','2019-05-17 19:37:48.728662');
INSERT INTO content_resources VALUES(96,2,'speechgen0021.mp3',446694,'application/octet-stream','2019-05-17 19:37:48.731691','2019-05-17 19:37:48.731691');
INSERT INTO content_resources VALUES(97,2,'speechgen0021.smil',3453,'text/plain','2019-05-17 19:37:48.734238','2019-05-17 19:37:48.734238');
INSERT INTO content_resources VALUES(98,2,'speechgen0022.mp3',191216,'application/octet-stream','2019-05-17 19:37:48.736599','2019-05-17 19:37:48.736599');
INSERT INTO content_resources VALUES(99,2,'speechgen0022.smil',1492,'text/plain','2019-05-17 19:37:48.738894','2019-05-17 19:37:48.738894');
INSERT INTO content_resources VALUES(100,2,'speechgen0023.mp3',1083977,'application/octet-stream','2019-05-17 19:37:48.741730','2019-05-17 19:37:48.741730');
INSERT INTO content_resources VALUES(101,2,'speechgen0023.smil',6373,'text/plain','2019-05-17 19:37:48.744048','2019-05-17 19:37:48.744048');
INSERT INTO content_resources VALUES(102,2,'speechgen0024.mp3',354690,'application/octet-stream','2019-05-17 19:37:48.746263','2019-05-17 19:37:48.746263');
INSERT INTO content_resources VALUES(103,2,'speechgen0024.smil',2690,'text/plain','2019-05-17 19:37:48.748648','2019-05-17 19:37:48.748648');
INSERT INTO content_resources VALUES(104,2,'speechgen0025.mp3',193410,'application/octet-stream','2019-05-17 19:37:48.751138','2019-05-17 19:37:48.751138');
INSERT INTO content_resources VALUES(105,2,'speechgen0025.smil',1835,'text/plain','2019-05-17 19:37:48.753786','2019-05-17 19:37:48.753786');
INSERT INTO content_resources VALUES(106,2,'speechgen0026.mp3',112222,'application/octet-stream','2019-05-17 19:37:48.756128','2019-05-17 19:37:48.756128');
INSERT INTO content_resources VALUES(107,2,'speechgen0026.smil',1493,'text/plain','2019-05-17 19:37:48.759455','2019-05-17 19:37:48.759455');
INSERT INTO content_resources VALUES(108,2,'speechgen0027.mp3',605466,'application/octet-stream','2019-05-17 19:37:48.762877','2019-05-17 19:37:48.762877');
INSERT INTO content_resources VALUES(109,2,'speechgen0027.smil',4580,'text/plain','2019-05-17 19:37:48.765640','2019-05-17 19:37:48.765640');
INSERT INTO content_resources VALUES(110,2,'speechgen0028.mp3',136516,'application/octet-stream','2019-05-17 19:37:48.768286','2019-05-17 19:37:48.768286');
INSERT INTO content_resources VALUES(111,2,'speechgen0028.smil',1430,'text/plain','2019-05-17 19:37:48.770681','2019-05-17 19:37:48.770681');
INSERT INTO content_resources VALUES(112,2,'speechgen0029.mp3',92943,'application/octet-stream','2019-05-17 19:37:48.773604','2019-05-17 19:37:48.773604');
INSERT INTO content_resources VALUES(113,2,'speechgen0029.smil',1439,'text/plain','2019-05-17 19:37:48.776908','2019-05-17 19:37:48.776908');
INSERT INTO content_resources VALUES(114,2,'speechgen0030.mp3',112535,'application/octet-stream','2019-05-17 19:37:48.780502','2019-05-17 19:37:48.780502');
INSERT INTO content_resources VALUES(115,2,'speechgen0030.smil',1493,'text/plain','2019-05-17 19:37:48.783711','2019-05-17 19:37:48.783711');
INSERT INTO content_resources VALUES(116,2,'speechgen0031.mp3',1319863,'application/octet-stream','2019-05-17 19:37:48.786796','2019-05-17 19:37:48.786796');
INSERT INTO content_resources VALUES(117,2,'speechgen0031.smil',10153,'text/plain','2019-05-17 19:37:48.789857','2019-05-17 19:37:48.789857');
INSERT INTO content_resources VALUES(118,2,'speechgen0032.mp3',584150,'application/octet-stream','2019-05-17 19:37:48.792867','2019-05-17 19:37:48.792867');
INSERT INTO content_resources VALUES(119,2,'speechgen0032.smil',5658,'text/plain','2019-05-17 19:37:48.795877','2019-05-17 19:37:48.795877');
INSERT INTO content_resources VALUES(120,2,'speechgen0033.mp3',256104,'application/octet-stream','2019-05-17 19:37:48.800585','2019-05-17 19:37:48.800585');
INSERT INTO content_resources VALUES(121,2,'speechgen0033.smil',1850,'text/plain','2019-05-17 19:37:48.803386','2019-05-17 19:37:48.803386');
INSERT INTO content_resources VALUES(122,2,'speechgen0034.mp3',284630,'application/octet-stream','2019-05-17 19:37:48.807337','2019-05-17 19:37:48.807337');
INSERT INTO content_resources VALUES(123,2,'speechgen0034.smil',2480,'text/plain','2019-05-17 19:37:48.809991','2019-05-17 19:37:48.809991');
INSERT INTO content_resources VALUES(124,2,'tpbnarrator.res',9458,'text/html','2019-05-17 19:37:48.813340','2019-05-17 19:37:48.813340');
INSERT INTO content_resources VALUES(125,2,'tpbnarrator_res.mp3',117656,'application/octet-stream','2019-05-17 19:37:48.817126','2019-05-17 19:37:48.817126');
INSERT INTO content_resources VALUES(126,3,'ncconlydemo.html',3642,'application/xml','2019-05-17 19:37:48.819623','2019-05-17 19:37:48.819623');
INSERT INTO content_resources VALUES(127,3,'bagw0008.smil',2714,'application/xml','2019-05-17 19:37:48.823420','2019-05-17 19:37:48.823420');
INSERT INTO content_resources VALUES(128,3,'bagw0017.mp3',124760,'audio/mpeg','2019-05-17 19:37:48.825456','2019-05-17 19:37:48.825456');
INSERT INTO content_resources VALUES(129,3,'bagw0019.mp3',180558,'audio/mpeg','2019-05-17 19:37:48.827728','2019-05-17 19:37:48.827728');
INSERT INTO content_resources VALUES(130,3,'bagw0006.smil',2765,'application/xml','2019-05-17 19:37:48.830104','2019-05-17 19:37:48.830104');
INSERT INTO content_resources VALUES(131,3,'bagw001B.mp3',285570,'audio/mpeg','2019-05-17 19:37:48.832760','2019-05-17 19:37:48.832760');
INSERT INTO content_resources VALUES(132,3,'bagw0014.mp3',391836,'audio/mpeg','2019-05-17 19:37:48.835876','2019-05-17 19:37:48.835876');
INSERT INTO content_resources VALUES(133,3,'bagw0007.smil',1567,'application/xml','2019-05-17 19:37:48.838842','2019-05-17 19:37:48.838842');
INSERT INTO content_resources VALUES(134,3,'bagw0018.mp3',65515,'audio/mpeg','2019-05-17 19:37:48.841701','2019-05-17 19:37:48.841701');
INSERT INTO content_resources VALUES(135,3,'bagw001A.mp3',129776,'audio/mpeg','2019-05-17 19:37:48.844234','2019-05-17 19:37:48.844234');
INSERT INTO content_resources VALUES(136,3,'bagw0005.smil',1130,'application/xml','2019-05-17 19:37:48.847174','2019-05-17 19:37:48.847174');
INSERT INTO content_resources VALUES(137,3,'master.smil',1196,'application/xml','2019-05-17 19:37:48.850409','2019-05-17 19:37:48.850409');
INSERT INTO content_resources VALUES(138,3,'bagw0003.smil',2419,'application/xml','2019-05-17 19:37:48.853524','2019-05-17 19:37:48.853524');
INSERT INTO content_resources VALUES(139,3,'ncc.html',4296,'application/xml','2019-05-17 19:37:48.856114','2019-05-17 19:37:48.856114');
INSERT INTO content_resources VALUES(140,3,'bagw0002.smil',1334,'application/xml','2019-05-17 19:37:48.858853','2019-05-17 19:37:48.858853');
INSERT INTO content_resources VALUES(141,3,'narrator_1.css',5204,'text/plain','2019-05-17 19:37:48.861645','2019-05-17 19:37:48.861645');
INSERT INTO content_resources VALUES(142,3,'default_1.css',5053,'text/plain','2019-05-17 19:37:48.864693','2019-05-17 19:37:48.864693');
INSERT INTO content_resources VALUES(143,3,'bagw001C.mp3',451552,'audio/mpeg','2019-05-17 19:37:48.867515','2019-05-17 19:37:48.867515');
INSERT INTO content_resources VALUES(144,3,'bagw0001.smil',1728,'application/xml','2019-05-17 19:37:48.869774','2019-05-17 19:37:48.869774');
INSERT INTO content_resources VALUES(145,3,'bagw001D.mp3',335882,'audio/mpeg','2019-05-17 19:37:48.872065','2019-05-17 19:37:48.872065');
INSERT INTO content_resources VALUES(146,3,'bagw0004.smil',3047,'application/xml','2019-05-17 19:37:48.874302','2019-05-17 19:37:48.874302');
CREATE TABLE IF NOT EXISTS "contents" ("id" integer PRIMARY KEY AUTOINCREMENT NOT NULL, "category_id" integer, "daisy_format_id" integer, "title" text NOT NULL, "created_at" datetime NOT NULL, "updated_at" datetime NOT NULL);
INSERT INTO contents VALUES(1,1,1,'A light Man','2019-05-17 19:37:48.186479','2019-05-17 19:37:48.186479');
INSERT INTO contents VALUES(2,1,2,'Are you ready?','2019-05-17 19:37:48.189565','2019-05-17 19:37:48.189565');
INSERT INTO contents VALUES(3,1,1,'Climbing the Highest Mountain','2019-05-17 19:37:48.193107','2019-05-17 19:37:48.193107');
CREATE TABLE IF NOT EXISTS "daisy_formats" ("id" integer PRIMARY KEY AUTOINCREMENT NOT NULL, "format" text NOT NULL, "created_at" datetime NOT NULL, "updated_at" datetime NOT NULL);
INSERT INTO daisy_formats VALUES(1,'Daisy 2.02','2019-05-17 19:37:48.112897','2019-05-17 19:37:48.112897');
INSERT INTO daisy_formats VALUES(2,'ANSI/NISO Z39.86-2005','2019-05-17 19:37:48.116139','2019-05-17 19:37:48.116139');
INSERT INTO daisy_formats VALUES(3,'PDTB2','2019-05-17 19:37:48.119390','2019-05-17 19:37:48.119390');
CREATE TABLE IF NOT EXISTS "languages" ("id" integer PRIMARY KEY AUTOINCREMENT NOT NULL, "lang" text NOT NULL, "created_at" datetime NOT NULL, "updated_at" datetime NOT NULL);
INSERT INTO languages VALUES(1,'en','2019-05-17 19:37:48.100484','2019-05-17 19:37:48.100484');
INSERT INTO languages VALUES(2,'sv','2019-05-17 19:37:48.103045','2019-05-17 19:37:48.103045');
INSERT INTO languages VALUES(3,'fi','2019-05-17 19:37:48.106990','2019-05-17 19:37:48.106990');
CREATE TABLE IF NOT EXISTS "question_audios" ("id" integer PRIMARY KEY AUTOINCREMENT NOT NULL, "question_text_id" integer, "size" integer NOT NULL, "length" integer NOT NULL, "created_at" datetime NOT NULL, "updated_at" datetime NOT NULL);
INSERT INTO question_audios VALUES(1,1,13817,1303,'2019-05-17 19:37:49.087867','2019-05-17 19:37:49.087867');
INSERT INTO question_audios VALUES(2,2,14634,1049,'2019-05-17 19:37:49.091806','2019-05-17 19:37:49.091806');
INSERT INTO question_audios VALUES(3,3,13649,1016,'2019-05-17 19:37:49.095655','2019-05-17 19:37:49.095655');
INSERT INTO question_audios VALUES(4,4,14255,1358,'2019-05-17 19:37:49.099341','2019-05-17 19:37:49.099341');
INSERT INTO question_audios VALUES(5,5,13414,971,'2019-05-17 19:37:49.105168','2019-05-17 19:37:49.105168');
INSERT INTO question_audios VALUES(6,6,14323,1427,'2019-05-17 19:37:49.107986','2019-05-17 19:37:49.107986');
INSERT INTO question_audios VALUES(7,7,10317,776,'2019-05-17 19:37:49.111022','2019-05-17 19:37:49.111022');
INSERT INTO question_audios VALUES(8,8,11936,865,'2019-05-17 19:37:49.115187','2019-05-17 19:37:49.115187');
INSERT INTO question_audios VALUES(9,9,16948,1731,'2019-05-17 19:37:49.120747','2019-05-17 19:37:49.120747');
INSERT INTO question_audios VALUES(10,10,15906,1495,'2019-05-17 19:37:49.124262','2019-05-17 19:37:49.124262');
INSERT INTO question_audios VALUES(11,11,12455,920,'2019-05-17 19:37:49.131000','2019-05-17 19:37:49.131000');
INSERT INTO question_audios VALUES(12,12,12857,1475,'2019-05-17 19:37:49.134512','2019-05-17 19:37:49.134512');
INSERT INTO question_audios VALUES(13,13,10729,1016,'2019-05-17 19:37:49.138077','2019-05-17 19:37:49.138077');
INSERT INTO question_audios VALUES(14,14,11504,1092,'2019-05-17 19:37:49.142320','2019-05-17 19:37:49.142320');
INSERT INTO question_audios VALUES(15,15,11760,926,'2019-05-17 19:37:49.145977','2019-05-17 19:37:49.145977');
INSERT INTO question_audios VALUES(16,16,13190,1380,'2019-05-17 19:37:49.149555','2019-05-17 19:37:49.149555');
INSERT INTO question_audios VALUES(17,17,9871,972,'2019-05-17 19:37:49.153256','2019-05-17 19:37:49.153256');
INSERT INTO question_audios VALUES(18,18,9975,997,'2019-05-17 19:37:49.156457','2019-05-17 19:37:49.156457');
INSERT INTO question_audios VALUES(19,19,22087,1985,'2019-05-17 19:37:49.159151','2019-05-17 19:37:49.159151');
INSERT INTO question_audios VALUES(20,20,21288,2002,'2019-05-17 19:37:49.162895','2019-05-17 19:37:49.162895');
INSERT INTO question_audios VALUES(21,21,9715,972,'2019-05-17 19:37:49.167311','2019-05-17 19:37:49.167311');
INSERT INTO question_audios VALUES(22,22,13854,1339,'2019-05-17 19:37:49.169837','2019-05-17 19:37:49.169837');
INSERT INTO question_audios VALUES(23,23,19397,2018,'2019-05-17 19:37:49.173809','2019-05-17 19:37:49.173809');
INSERT INTO question_audios VALUES(24,24,20361,2267,'2019-05-17 19:37:49.177903','2019-05-17 19:37:49.177903');
INSERT INTO question_audios VALUES(25,25,19313,2052,'2019-05-17 19:37:49.181097','2019-05-17 19:37:49.181097');
INSERT INTO question_audios VALUES(26,26,21900,2292,'2019-05-17 19:37:49.184897','2019-05-17 19:37:49.184897');
INSERT INTO question_audios VALUES(27,27,17356,1507,'2019-05-17 19:37:49.187873','2019-05-17 19:37:49.187873');
INSERT INTO question_audios VALUES(28,28,21999,2198,'2019-05-17 19:37:49.194956','2019-05-17 19:37:49.194956');
INSERT INTO question_audios VALUES(29,29,11525,1027,'2019-05-17 19:37:49.198930','2019-05-17 19:37:49.198930');
INSERT INTO question_audios VALUES(30,30,15271,1219,'2019-05-17 19:37:49.204723','2019-05-17 19:37:49.204723');
INSERT INTO question_audios VALUES(31,31,8239,635,'2019-05-17 19:37:49.206903','2019-05-17 19:37:49.206903');
INSERT INTO question_audios VALUES(32,32,9086,662,'2019-05-17 19:37:49.209282','2019-05-17 19:37:49.209282');
INSERT INTO question_audios VALUES(33,33,5465,324,'2019-05-17 19:37:49.211437','2019-05-17 19:37:49.211437');
INSERT INTO question_audios VALUES(34,34,8102,447,'2019-05-17 19:37:49.214030','2019-05-17 19:37:49.214030');
INSERT INTO question_audios VALUES(35,35,7485,394,'2019-05-17 19:37:49.216671','2019-05-17 19:37:49.216671');
INSERT INTO question_audios VALUES(36,36,6234,424,'2019-05-17 19:37:49.219490','2019-05-17 19:37:49.219490');
INSERT INTO question_audios VALUES(37,37,5358,318,'2019-05-17 19:37:49.222098','2019-05-17 19:37:49.222098');
INSERT INTO question_audios VALUES(38,38,7797,429,'2019-05-17 19:37:49.224394','2019-05-17 19:37:49.224394');
INSERT INTO question_audios VALUES(39,39,15523,1368,'2019-05-17 19:37:49.227203','2019-05-17 19:37:49.227203');
INSERT INTO question_audios VALUES(40,40,14041,1320,'2019-05-17 19:37:49.230084','2019-05-17 19:37:49.230084');
CREATE TABLE IF NOT EXISTS "question_inputs" ("id" integer PRIMARY KEY AUTOINCREMENT NOT NULL, "question_id" integer, "allow_multiple_selections" integer, "text_numeric" integer, "text_alphanumeric" integer, "audio" integer, "default_value" text, "created_at" datetime NOT NULL, "updated_at" datetime NOT NULL);
INSERT INTO question_inputs VALUES(1,1,NULL,NULL,NULL,NULL,NULL,'2019-05-17 19:37:48.936600','2019-05-17 19:37:48.936600');
INSERT INTO question_inputs VALUES(2,20,NULL,NULL,NULL,NULL,NULL,'2019-05-17 19:37:48.941424','2019-05-17 19:37:48.941424');
INSERT INTO question_inputs VALUES(3,23,NULL,NULL,1,NULL,NULL,'2019-05-17 19:37:48.944719','2019-05-17 19:37:48.944719');
INSERT INTO question_inputs VALUES(4,24,NULL,NULL,1,NULL,NULL,'2019-05-17 19:37:48.947878','2019-05-17 19:37:48.947878');
INSERT INTO question_inputs VALUES(5,30,NULL,NULL,NULL,NULL,NULL,'2019-05-17 19:37:48.951261','2019-05-17 19:37:48.951261');
INSERT INTO question_inputs VALUES(6,40,NULL,NULL,NULL,NULL,NULL,'2019-05-17 19:37:48.954019','2019-05-17 19:37:48.954019');
INSERT INTO question_inputs VALUES(7,41,NULL,NULL,1,NULL,NULL,'2019-05-17 19:37:48.957117','2019-05-17 19:37:48.957117');
CREATE TABLE IF NOT EXISTS "question_question_texts" ("id" integer PRIMARY KEY AUTOINCREMENT NOT NULL, "question_id" integer, "question_text_id" integer, "created_at" datetime NOT NULL, "updated_at" datetime NOT NULL);
INSERT INTO question_question_texts VALUES(1,1,1,'2019-05-17 19:37:49.239603','2019-05-17 19:37:49.239603');
INSERT INTO question_question_texts VALUES(2,1,2,'2019-05-17 19:37:49.243328','2019-05-17 19:37:49.243328');
INSERT INTO question_question_texts VALUES(3,2,3,'2019-05-17 19:37:49.246096','2019-05-17 19:37:49.246096');
INSERT INTO question_question_texts VALUES(4,2,4,'2019-05-17 19:37:49.249307','2019-05-17 19:37:49.249307');
INSERT INTO question_question_texts VALUES(5,3,5,'2019-05-17 19:37:49.252206','2019-05-17 19:37:49.252206');
INSERT INTO question_question_texts VALUES(6,3,6,'2019-05-17 19:37:49.255490','2019-05-17 19:37:49.255490');
INSERT INTO question_question_texts VALUES(7,4,7,'2019-05-17 19:37:49.258342','2019-05-17 19:37:49.258342');
INSERT INTO question_question_texts VALUES(8,4,8,'2019-05-17 19:37:49.261351','2019-05-17 19:37:49.261351');
INSERT INTO question_question_texts VALUES(9,20,9,'2019-05-17 19:37:49.264234','2019-05-17 19:37:49.264234');
INSERT INTO question_question_texts VALUES(10,20,10,'2019-05-17 19:37:49.267594','2019-05-17 19:37:49.267594');
INSERT INTO question_question_texts VALUES(11,21,11,'2019-05-17 19:37:49.270403','2019-05-17 19:37:49.270403');
INSERT INTO question_question_texts VALUES(12,21,12,'2019-05-17 19:37:49.273749','2019-05-17 19:37:49.273749');
INSERT INTO question_question_texts VALUES(13,22,13,'2019-05-17 19:37:49.276457','2019-05-17 19:37:49.276457');
INSERT INTO question_question_texts VALUES(14,22,14,'2019-05-17 19:37:49.279720','2019-05-17 19:37:49.279720');
INSERT INTO question_question_texts VALUES(15,23,15,'2019-05-17 19:37:49.283686','2019-05-17 19:37:49.283686');
INSERT INTO question_question_texts VALUES(16,23,16,'2019-05-17 19:37:49.286882','2019-05-17 19:37:49.286882');
INSERT INTO question_question_texts VALUES(17,24,17,'2019-05-17 19:37:49.289938','2019-05-17 19:37:49.289938');
INSERT INTO question_question_texts VALUES(18,24,18,'2019-05-17 19:37:49.293213','2019-05-17 19:37:49.293213');
INSERT INTO question_question_texts VALUES(19,30,19,'2019-05-17 19:37:49.297274','2019-05-17 19:37:49.297274');
INSERT INTO question_question_texts VALUES(20,30,20,'2019-05-17 19:37:49.302227','2019-05-17 19:37:49.302227');
INSERT INTO question_question_texts VALUES(21,31,21,'2019-05-17 19:37:49.305379','2019-05-17 19:37:49.305379');
INSERT INTO question_question_texts VALUES(22,31,22,'2019-05-17 19:37:49.308364','2019-05-17 19:37:49.308364');
INSERT INTO question_question_texts VALUES(23,32,23,'2019-05-17 19:37:49.310804','2019-05-17 19:37:49.310804');
INSERT INTO question_question_texts VALUES(24,32,24,'2019-05-17 19:37:49.314582','2019-05-17 19:37:49.314582');
INSERT INTO question_question_texts VALUES(25,33,25,'2019-05-17 19:37:49.318559','2019-05-17 19:37:49.318559');
INSERT INTO question_question_texts VALUES(26,33,26,'2019-05-17 19:37:49.322649','2019-05-17 19:37:49.322649');
INSERT INTO question_question_texts VALUES(27,40,27,'2019-05-17 19:37:49.326854','2019-05-17 19:37:49.326854');
INSERT INTO question_question_texts VALUES(28,40,28,'2019-05-17 19:37:49.331189','2019-05-17 19:37:49.331189');
INSERT INTO question_question_texts VALUES(29,41,29,'2019-05-17 19:37:49.335357','2019-05-17 19:37:49.335357');
INSERT INTO question_question_texts VALUES(30,41,30,'2019-05-17 19:37:49.339751','2019-05-17 19:37:49.339751');
INSERT INTO question_question_texts VALUES(31,42,31,'2019-05-17 19:37:49.343943','2019-05-17 19:37:49.343943');
INSERT INTO question_question_texts VALUES(32,42,32,'2019-05-17 19:37:49.346622','2019-05-17 19:37:49.346622');
INSERT INTO question_question_texts VALUES(33,43,33,'2019-05-17 19:37:49.349858','2019-05-17 19:37:49.349858');
INSERT INTO question_question_texts VALUES(34,43,34,'2019-05-17 19:37:49.353628','2019-05-17 19:37:49.353628');
INSERT INTO question_question_texts VALUES(35,44,35,'2019-05-17 19:37:49.356491','2019-05-17 19:37:49.356491');
INSERT INTO question_question_texts VALUES(36,44,26,'2019-05-17 19:37:49.359672','2019-05-17 19:37:49.359672');
INSERT INTO question_question_texts VALUES(37,45,37,'2019-05-17 19:37:49.364154','2019-05-17 19:37:49.364154');
INSERT INTO question_question_texts VALUES(38,45,38,'2019-05-17 19:37:49.367311','2019-05-17 19:37:49.367311');
INSERT INTO question_question_texts VALUES(39,46,39,'2019-05-17 19:37:49.371108','2019-05-17 19:37:49.371108');
INSERT INTO question_question_texts VALUES(40,46,40,'2019-05-17 19:37:49.374343','2019-05-17 19:37:49.374343');
INSERT INTO question_question_texts VALUES(41,47,39,'2019-05-17 19:37:49.377381','2019-05-17 19:37:49.377381');
INSERT INTO question_question_texts VALUES(42,47,40,'2019-05-17 19:37:49.380275','2019-05-17 19:37:49.380275');
INSERT INTO question_question_texts VALUES(43,48,39,'2019-05-17 19:37:49.383078','2019-05-17 19:37:49.383078');
INSERT INTO question_question_texts VALUES(44,48,40,'2019-05-17 19:37:49.385895','2019-05-17 19:37:49.385895');
INSERT INTO question_question_texts VALUES(45,49,39,'2019-05-17 19:37:49.388563','2019-05-17 19:37:49.388563');
INSERT INTO question_question_texts VALUES(46,49,40,'2019-05-17 19:37:49.391625','2019-05-17 19:37:49.391625');
INSERT INTO question_question_texts VALUES(47,50,39,'2019-05-17 19:37:49.394155','2019-05-17 19:37:49.394155');
INSERT INTO question_question_texts VALUES(48,50,40,'2019-05-17 19:37:49.397546','2019-05-17 19:37:49.397546');
CREATE TABLE IF NOT EXISTS "question_texts" ("id" integer PRIMARY KEY AUTOINCREMENT NOT NULL, "language_id" integer, "text" text NOT NULL, "created_at" datetime NOT NULL, "updated_at" datetime NOT NULL);
INSERT INTO question_texts VALUES(1,1,'What would you like to do?','2019-05-17 19:37:48.965379','2019-05-17 19:37:48.965379');
INSERT INTO question_texts VALUES(2,2,'Vad vill du göra?','2019-05-17 19:37:48.969006','2019-05-17 19:37:48.969006');
INSERT INTO question_texts VALUES(3,1,'Search the library.','2019-05-17 19:37:48.971402','2019-05-17 19:37:48.971402');
INSERT INTO question_texts VALUES(4,2,'Söka i biblioteket.','2019-05-17 19:37:48.974364','2019-05-17 19:37:48.974364');
INSERT INTO question_texts VALUES(5,1,'Browse the library.','2019-05-17 19:37:48.976777','2019-05-17 19:37:48.976777');
INSERT INTO question_texts VALUES(6,2,'Utforska biblioteket.','2019-05-17 19:37:48.979759','2019-05-17 19:37:48.979759');
INSERT INTO question_texts VALUES(7,1,'Give feedback.','2019-05-17 19:37:48.982282','2019-05-17 19:37:48.982282');
INSERT INTO question_texts VALUES(8,2,'Ge feedback.','2019-05-17 19:37:48.984681','2019-05-17 19:37:48.984681');
INSERT INTO question_texts VALUES(9,1,'What do you want to search by?','2019-05-17 19:37:48.988133','2019-05-17 19:37:48.988133');
INSERT INTO question_texts VALUES(10,2,'Vad vill du söka enligt?','2019-05-17 19:37:48.990979','2019-05-17 19:37:48.990979');
INSERT INTO question_texts VALUES(11,1,'Search by author.','2019-05-17 19:37:48.993611','2019-05-17 19:37:48.993611');
INSERT INTO question_texts VALUES(12,2,'Sök bland författare.','2019-05-17 19:37:48.996742','2019-05-17 19:37:48.996742');
INSERT INTO question_texts VALUES(13,1,'Search by title.','2019-05-17 19:37:49.002536','2019-05-17 19:37:49.002536');
INSERT INTO question_texts VALUES(14,2,'Sök bland titel.','2019-05-17 19:37:49.005862','2019-05-17 19:37:49.005862');
INSERT INTO question_texts VALUES(15,1,'Author keywords:','2019-05-17 19:37:49.008435','2019-05-17 19:37:49.008435');
INSERT INTO question_texts VALUES(16,2,'Sökord författare:','2019-05-17 19:37:49.010496','2019-05-17 19:37:49.010496');
INSERT INTO question_texts VALUES(17,1,'Title keywords:','2019-05-17 19:37:49.012367','2019-05-17 19:37:49.012367');
INSERT INTO question_texts VALUES(18,2,'Sökord titel:','2019-05-17 19:37:49.015594','2019-05-17 19:37:49.015594');
INSERT INTO question_texts VALUES(19,1,'How do you want to browse the library?','2019-05-17 19:37:49.018279','2019-05-17 19:37:49.018279');
INSERT INTO question_texts VALUES(20,2,'Hur vill du utforska biblioteket?','2019-05-17 19:37:49.022481','2019-05-17 19:37:49.022481');
INSERT INTO question_texts VALUES(21,1,'Browse by title.','2019-05-17 19:37:49.025034','2019-05-17 19:37:49.025034');
INSERT INTO question_texts VALUES(22,2,'Utforska bland titlar.','2019-05-17 19:37:49.027699','2019-05-17 19:37:49.027699');
INSERT INTO question_texts VALUES(23,1,'Browse by Daisy 2 content format.','2019-05-17 19:37:49.030267','2019-05-17 19:37:49.030267');
INSERT INTO question_texts VALUES(24,2,'Utforska bland Daisy 2 filformat.','2019-05-17 19:37:49.032696','2019-05-17 19:37:49.032696');
INSERT INTO question_texts VALUES(25,1,'Browse by Daisy 3 content format.','2019-05-17 19:37:49.035102','2019-05-17 19:37:49.035102');
INSERT INTO question_texts VALUES(26,2,'Utforska bland Daisy 3 filformat.','2019-05-17 19:37:49.037331','2019-05-17 19:37:49.037331');
INSERT INTO question_texts VALUES(27,1,'How would you rate this service?','2019-05-17 19:37:49.040406','2019-05-17 19:37:49.040406');
INSERT INTO question_texts VALUES(28,2,'Hur skulle du betygsätta denna tjänst?','2019-05-17 19:37:49.042909','2019-05-17 19:37:49.042909');
INSERT INTO question_texts VALUES(29,1,'Optional feedback?','2019-05-17 19:37:49.045856','2019-05-17 19:37:49.045856');
INSERT INTO question_texts VALUES(30,2,'Frivillig feedback?','2019-05-17 19:37:49.048520','2019-05-17 19:37:49.048520');
INSERT INTO question_texts VALUES(31,1,'Excellent.','2019-05-17 19:37:49.051024','2019-05-17 19:37:49.051024');
INSERT INTO question_texts VALUES(32,2,'Utmärkt.','2019-05-17 19:37:49.053706','2019-05-17 19:37:49.053706');
INSERT INTO question_texts VALUES(33,1,'Good.','2019-05-17 19:37:49.056191','2019-05-17 19:37:49.056191');
INSERT INTO question_texts VALUES(34,2,'Bra.','2019-05-17 19:37:49.060339','2019-05-17 19:37:49.060339');
INSERT INTO question_texts VALUES(35,1,'Fair.','2019-05-17 19:37:49.063029','2019-05-17 19:37:49.063029');
INSERT INTO question_texts VALUES(36,2,'Dålig.','2019-05-17 19:37:49.066367','2019-05-17 19:37:49.066367');
INSERT INTO question_texts VALUES(37,1,'Poor.','2019-05-17 19:37:49.068895','2019-05-17 19:37:49.068895');
INSERT INTO question_texts VALUES(38,2,'Usel.','2019-05-17 19:37:49.071582','2019-05-17 19:37:49.071582');
INSERT INTO question_texts VALUES(39,1,'Thank you for your feedback.','2019-05-17 19:37:49.073999','2019-05-17 19:37:49.073999');
INSERT INTO question_texts VALUES(40,2,'Tack för din feedback.','2019-05-17 19:37:49.077940','2019-05-17 19:37:49.077940');
CREATE TABLE IF NOT EXISTS "question_types" ("id" integer PRIMARY KEY AUTOINCREMENT NOT NULL, "name" text NOT NULL, "created_at" datetime NOT NULL, "updated_at" datetime NOT NULL);
INSERT INTO question_types VALUES(1,'multipleChoiceQuestion','2019-05-17 19:37:48.046033','2019-05-17 19:37:48.046033');
INSERT INTO question_types VALUES(2,'inputQuestion','2019-05-17 19:37:48.048366','2019-05-17 19:37:48.048366');
INSERT INTO question_types VALUES(3,'choice','2019-05-17 19:37:48.050575','2019-05-17 19:37:48.050575');
INSERT INTO question_types VALUES(4,'contentListRef','2019-05-17 19:37:48.053948','2019-05-17 19:37:48.053948');
INSERT INTO question_types VALUES(5,'label','2019-05-17 19:37:48.056446','2019-05-17 19:37:48.056446');
CREATE TABLE IF NOT EXISTS "questions" ("id" integer PRIMARY KEY AUTOINCREMENT NOT NULL, "parent_id" integer, "question_type_id" integer, "created_at" datetime NOT NULL, "updated_at" datetime NOT NULL);
INSERT INTO questions VALUES(1,0,1,'2019-05-17 19:37:48','2019-05-17 19:37:48');
INSERT INTO questions VALUES(2,1,3,'2019-05-17 19:37:48','2019-05-17 19:37:48');
INSERT INTO questions VALUES(3,1,3,'2019-05-17 19:37:48','2019-05-17 19:37:48');
INSERT INTO questions VALUES(4,1,3,'2019-05-17 19:37:48','2019-05-17 19:37:48');
INSERT INTO questions VALUES(20,2,1,'2019-05-17 19:37:48','2019-05-17 19:37:48');
INSERT INTO questions VALUES(21,20,3,'2019-05-17 19:37:48','2019-05-17 19:37:48');
INSERT INTO questions VALUES(22,20,3,'2019-05-17 19:37:48','2019-05-17 19:37:48');
INSERT INTO questions VALUES(23,21,2,'2019-05-17 19:37:48','2019-05-17 19:37:48');
INSERT INTO questions VALUES(24,22,2,'2019-05-17 19:37:48','2019-05-17 19:37:48');
INSERT INTO questions VALUES(25,23,4,'2019-05-17 19:37:48','2019-05-17 19:37:48');
INSERT INTO questions VALUES(26,24,4,'2019-05-17 19:37:48','2019-05-17 19:37:48');
INSERT INTO questions VALUES(30,3,1,'2019-05-17 19:37:48','2019-05-17 19:37:48');
INSERT INTO questions VALUES(31,30,3,'2019-05-17 19:37:48','2019-05-17 19:37:48');
INSERT INTO questions VALUES(32,30,3,'2019-05-17 19:37:48','2019-05-17 19:37:48');
INSERT INTO questions VALUES(33,30,3,'2019-05-17 19:37:48','2019-05-17 19:37:48');
INSERT INTO questions VALUES(34,31,4,'2019-05-17 19:37:48','2019-05-17 19:37:48');
INSERT INTO questions VALUES(35,32,4,'2019-05-17 19:37:48','2019-05-17 19:37:48');
INSERT INTO questions VALUES(36,33,4,'2019-05-17 19:37:48','2019-05-17 19:37:48');
INSERT INTO questions VALUES(40,4,1,'2019-05-17 19:37:48','2019-05-17 19:37:48');
INSERT INTO questions VALUES(41,4,2,'2019-05-17 19:37:48','2019-05-17 19:37:48');
INSERT INTO questions VALUES(42,40,3,'2019-05-17 19:37:48','2019-05-17 19:37:48');
INSERT INTO questions VALUES(43,40,3,'2019-05-17 19:37:48','2019-05-17 19:37:48');
INSERT INTO questions VALUES(44,40,3,'2019-05-17 19:37:48','2019-05-17 19:37:48');
INSERT INTO questions VALUES(45,40,3,'2019-05-17 19:37:48','2019-05-17 19:37:48');
INSERT INTO questions VALUES(46,41,5,'2019-05-17 19:37:48','2019-05-17 19:37:48');
INSERT INTO questions VALUES(47,42,5,'2019-05-17 19:37:48','2019-05-17 19:37:48');
INSERT INTO questions VALUES(48,43,5,'2019-05-17 19:37:48','2019-05-17 19:37:48');
INSERT INTO questions VALUES(49,44,5,'2019-05-17 19:37:48','2019-05-17 19:37:48');
INSERT INTO questions VALUES(50,45,5,'2019-05-17 19:37:48','2019-05-17 19:37:48');
CREATE TABLE IF NOT EXISTS "states" ("id" integer PRIMARY KEY AUTOINCREMENT NOT NULL, "state" text NOT NULL, "created_at" datetime NOT NULL, "updated_at" datetime NOT NULL);
INSERT INTO states VALUES(1,'START','2019-05-17 19:37:48.062306','2019-05-17 19:37:48.062306');
INSERT INTO states VALUES(2,'PAUSE','2019-05-17 19:37:48.064938','2019-05-17 19:37:48.064938');
INSERT INTO states VALUES(3,'RESUME','2019-05-17 19:37:48.067023','2019-05-17 19:37:48.067023');
INSERT INTO states VALUES(4,'FINISH','2019-05-17 19:37:48.068748','2019-05-17 19:37:48.068748');
CREATE TABLE IF NOT EXISTS "user_announcements" ("id" integer PRIMARY KEY AUTOINCREMENT NOT NULL, "user_id" integer, "announcement_id" integer, "read_at" datetime, "created_at" datetime NOT NULL, "updated_at" datetime NOT NULL);
INSERT INTO user_announcements VALUES(1,1,1,NULL,'2019-05-17 19:37:49.422549','2019-05-17 19:37:49.422549');
INSERT INTO user_announcements VALUES(2,1,2,NULL,'2019-05-17 19:37:49.426007','2019-05-17 19:37:49.426007');
CREATE TABLE IF NOT EXISTS "user_bookmarks" ("id" integer PRIMARY KEY AUTOINCREMENT NOT NULL, "user_id" integer, "content_id" integer, "bookmark_set" text NOT NULL, "created_at" datetime NOT NULL, "updated_at" datetime NOT NULL);
CREATE TABLE IF NOT EXISTS "user_contents" ("id" integer PRIMARY KEY AUTOINCREMENT NOT NULL, "user_id" integer, "content_id" integer, "content_list_id" integer, "content_list_v1_id" integer DEFAULT 3, "return" integer NOT NULL, "returned" integer DEFAULT 0 NOT NULL, "return_at" datetime, "state_id" integer, "created_at" datetime NOT NULL, "updated_at" datetime NOT NULL);
INSERT INTO user_contents VALUES(1,1,1,1,2,1,0,NULL,NULL,'2019-05-17 19:37:49','2019-05-17 19:37:49');
INSERT INTO user_contents VALUES(2,1,2,1,2,1,0,NULL,NULL,'2019-05-17 19:37:49','2019-05-17 19:37:49');
INSERT INTO user_contents VALUES(3,1,3,1,2,1,0,NULL,NULL,'2019-05-17 19:37:49','2019-05-17 19:37:49');
CREATE TABLE IF NOT EXISTS "users" ("id" integer PRIMARY KEY AUTOINCREMENT NOT NULL, "username" text NOT NULL, "password" text, "terms_accepted" integer DEFAULT 0 NOT NULL, "log" integer DEFAULT 0 NOT NULL, "activated" boolean DEFAULT 0 NOT NULL, "created_at" datetime NOT NULL, "updated_at" datetime NOT NULL);
INSERT INTO users VALUES(1,'kolibre',replace('Wz2fuBzjbhCrm/Dmx38DCgpWHigWf8aaEDlvpDCO5gImGDI=\n','\n',char(10)),0,1,0,'2019-05-17 19:37:49.409064','2019-05-17 19:37:49.409064');
DELETE FROM sqlite_sequence;
INSERT INTO sqlite_sequence VALUES('categories',4);
INSERT INTO sqlite_sequence VALUES('question_types',5);
INSERT INTO sqlite_sequence VALUES('states',4);
INSERT INTO sqlite_sequence VALUES('content_lists',6);
INSERT INTO sqlite_sequence VALUES('languages',3);
INSERT INTO sqlite_sequence VALUES('daisy_formats',3);
INSERT INTO sqlite_sequence VALUES('announcements',2);
INSERT INTO sqlite_sequence VALUES('announcement_texts',4);
INSERT INTO sqlite_sequence VALUES('announcement_audios',4);
INSERT INTO sqlite_sequence VALUES('contents',3);
INSERT INTO sqlite_sequence VALUES('content_audios',3);
INSERT INTO sqlite_sequence VALUES('content_metadata',67);
INSERT INTO sqlite_sequence VALUES('content_resources',146);
INSERT INTO sqlite_sequence VALUES('questions',50);
INSERT INTO sqlite_sequence VALUES('question_inputs',7);
INSERT INTO sqlite_sequence VALUES('question_texts',40);
INSERT INTO sqlite_sequence VALUES('question_audios',40);
INSERT INTO sqlite_sequence VALUES('question_question_texts',48);
INSERT INTO sqlite_sequence VALUES('users',1);
INSERT INTO sqlite_sequence VALUES('user_announcements',2);
INSERT INTO sqlite_sequence VALUES('user_contents',3);
CREATE INDEX "index_announcement_audios_on_announcement_text_id" ON "announcement_audios" ("announcement_text_id");
CREATE INDEX "index_announcement_texts_on_announcement_id" ON "announcement_texts" ("announcement_id");
CREATE INDEX "index_announcement_texts_on_language_id" ON "announcement_texts" ("language_id");
CREATE INDEX "index_content_audios_on_content_id" ON "content_audios" ("content_id");
CREATE INDEX "index_content_metadata_on_content_id" ON "content_metadata" ("content_id");
CREATE INDEX "index_content_resources_on_content_id" ON "content_resources" ("content_id");
CREATE INDEX "index_contents_on_category_id" ON "contents" ("category_id");
CREATE INDEX "index_contents_on_daisy_format_id" ON "contents" ("daisy_format_id");
CREATE INDEX "index_question_audios_on_question_text_id" ON "question_audios" ("question_text_id");
CREATE INDEX "index_question_inputs_on_question_id" ON "question_inputs" ("question_id");
CREATE INDEX "index_question_question_texts_on_question_id" ON "question_question_texts" ("question_id");
CREATE INDEX "index_question_question_texts_on_question_text_id" ON "question_question_texts" ("question_text_id");
CREATE INDEX "index_question_texts_on_language_id" ON "question_texts" ("language_id");
CREATE INDEX "index_questions_on_parent_id" ON "questions" ("parent_id");
CREATE INDEX "index_questions_on_question_type_id" ON "questions" ("question_type_id");
CREATE INDEX "index_user_announcements_on_announcement_id" ON "user_announcements" ("announcement_id");
CREATE INDEX "index_user_announcements_on_user_id" ON "user_announcements" ("user_id");
CREATE INDEX "index_user_bookmarks_on_content_id" ON "user_bookmarks" ("content_id");
CREATE INDEX "index_user_bookmarks_on_user_id" ON "user_bookmarks" ("user_id");
CREATE INDEX "index_user_contents_on_content_id" ON "user_contents" ("content_id");
CREATE INDEX "index_user_contents_on_content_list_id" ON "user_contents" ("content_list_id");
CREATE INDEX "index_user_contents_on_content_list_v1_id" ON "user_contents" ("content_list_v1_id");
CREATE INDEX "index_user_contents_on_state_id" ON "user_contents" ("state_id");
CREATE INDEX "index_user_contents_on_user_id" ON "user_contents" ("user_id");
COMMIT;
