PRAGMA foreign_keys=OFF;
BEGIN TRANSACTION;
CREATE TABLE IF NOT EXISTS "schema_migrations" ("version" varchar NOT NULL PRIMARY KEY);
INSERT INTO schema_migrations VALUES('20190111182636');
INSERT INTO schema_migrations VALUES('20190220111925');
INSERT INTO schema_migrations VALUES('20190220113222');
INSERT INTO schema_migrations VALUES('20190220113815');
INSERT INTO schema_migrations VALUES('20190220160412');
INSERT INTO schema_migrations VALUES('20190220162144');
INSERT INTO schema_migrations VALUES('20190220181504');
INSERT INTO schema_migrations VALUES('20190220182034');
INSERT INTO schema_migrations VALUES('20190220182555');
INSERT INTO schema_migrations VALUES('20190220183617');
INSERT INTO schema_migrations VALUES('20190220185209');
INSERT INTO schema_migrations VALUES('20190220190259');
INSERT INTO schema_migrations VALUES('20190220190600');
INSERT INTO schema_migrations VALUES('20190221164321');
INSERT INTO schema_migrations VALUES('20190221164819');
INSERT INTO schema_migrations VALUES('20190221165021');
INSERT INTO schema_migrations VALUES('20190221171607');
INSERT INTO schema_migrations VALUES('20190221173404');
INSERT INTO schema_migrations VALUES('20190221181516');
INSERT INTO schema_migrations VALUES('20190221181952');
INSERT INTO schema_migrations VALUES('20190221182750');
INSERT INTO schema_migrations VALUES('20190221183224');
INSERT INTO schema_migrations VALUES('20190508030826');
INSERT INTO schema_migrations VALUES('20190524011519');
INSERT INTO schema_migrations VALUES('20190630123411');
INSERT INTO schema_migrations VALUES('20190630161849');
INSERT INTO schema_migrations VALUES('20190722194144');
INSERT INTO schema_migrations VALUES('20190722194727');
INSERT INTO schema_migrations VALUES('20190723021432');
INSERT INTO schema_migrations VALUES('20191031065020');
INSERT INTO schema_migrations VALUES('20191031075631');
INSERT INTO schema_migrations VALUES('20191101043055');
INSERT INTO schema_migrations VALUES('20191101043110');
INSERT INTO schema_migrations VALUES('20191101043121');
INSERT INTO schema_migrations VALUES('20191101043131');
INSERT INTO schema_migrations VALUES('20191101043140');
INSERT INTO schema_migrations VALUES('20191101043148');
INSERT INTO schema_migrations VALUES('20191101142340');
INSERT INTO schema_migrations VALUES('20191120045434');
INSERT INTO schema_migrations VALUES('20191120045444');
CREATE TABLE IF NOT EXISTS "ar_internal_metadata" ("key" varchar NOT NULL PRIMARY KEY, "value" varchar, "created_at" datetime NOT NULL, "updated_at" datetime NOT NULL);
INSERT INTO ar_internal_metadata VALUES('environment','production','2019-11-22 05:40:52.296889','2019-11-22 05:40:52.296889');
CREATE TABLE IF NOT EXISTS "languages" ("id" integer PRIMARY KEY AUTOINCREMENT NOT NULL, "lang" text NOT NULL, "created_at" datetime NOT NULL, "updated_at" datetime NOT NULL);
INSERT INTO languages VALUES(1,'en','2019-11-22 05:40:52.165901','2019-11-22 05:40:52.165901');
INSERT INTO languages VALUES(2,'sv','2019-11-22 05:40:52.168282','2019-11-22 05:40:52.168282');
INSERT INTO languages VALUES(3,'fi','2019-11-22 05:40:52.169344','2019-11-22 05:40:52.169344');
CREATE TABLE IF NOT EXISTS "announcement_texts" ("id" integer PRIMARY KEY AUTOINCREMENT NOT NULL, "announcement_id" integer, "text" text NOT NULL, "language_id" integer, "created_at" datetime NOT NULL, "updated_at" datetime NOT NULL, CONSTRAINT "fk_rails_d95e91bd06"
FOREIGN KEY ("announcement_id")
  REFERENCES "announcements" ("id")
, CONSTRAINT "fk_rails_32523d9eda"
FOREIGN KEY ("language_id")
  REFERENCES "languages" ("id")
);
INSERT INTO announcement_texts VALUES(1,1,'Welcome to the Kolibre Daisy Online demo service.',1,'2019-11-22 05:44:09','2019-11-22 05:44:09');
INSERT INTO announcement_texts VALUES(2,1,'Välkommen till Kolibres Daisy Online demo tjänst.',2,'2019-11-22 05:44:09','2019-11-22 05:44:09');
INSERT INTO announcement_texts VALUES(3,2,'Feel free to use and explore this service. Remember to mark the announcements as read when you have read them.',1,'2019-11-22 05:44:09','2019-11-22 05:44:09');
INSERT INTO announcement_texts VALUES(4,2,'Du kan fritt använda och utforska denna tjänst. Kom ihåg att markera meddelandena som lästa efter att du läst dem.',2,'2019-11-22 05:44:09','2019-11-22 05:44:09');
CREATE TABLE IF NOT EXISTS "announcement_audios" ("id" integer PRIMARY KEY AUTOINCREMENT NOT NULL, "announcement_text_id" integer, "size" integer NOT NULL, "length" integer NOT NULL, "mime_type" text NOT NULL, "audio" text NOT NULL, "created_at" datetime NOT NULL, "updated_at" datetime NOT NULL, CONSTRAINT "fk_rails_273934291a"
FOREIGN KEY ("announcement_text_id")
  REFERENCES "announcement_texts" ("id")
);
INSERT INTO announcement_audios VALUES(1,1,24677,2594,'audio/ogg','announcement_1.ogg','2019-11-22 05:44:09','2019-11-22 05:44:09');
INSERT INTO announcement_audios VALUES(2,2,27392,2880,'audio/ogg','announcement_2.ogg','2019-11-22 05:44:09','2019-11-22 05:44:09');
INSERT INTO announcement_audios VALUES(3,3,53310,5680,'audio/ogg','announcement_3.ogg','2019-11-22 05:44:09','2019-11-22 05:44:09');
INSERT INTO announcement_audios VALUES(4,4,63226,6952,'audio/ogg','announcement_4.ogg','2019-11-22 05:44:09','2019-11-22 05:44:09');
CREATE TABLE IF NOT EXISTS "users" ("id" integer PRIMARY KEY AUTOINCREMENT NOT NULL, "username" text NOT NULL, "password" text, "terms_accepted" boolean DEFAULT 0 NOT NULL, "log" boolean DEFAULT 0 NOT NULL, "activated" boolean DEFAULT 0 NOT NULL, "created_at" datetime NOT NULL, "updated_at" datetime NOT NULL);
INSERT INTO users VALUES(1,'kolibre',replace('Wz2fuBzjbhCrm/Dmx38DCgpWHigWf8aaEDlvpDCO5gImGDI=\n','\n',char(10)),0,1,0,'2019-11-22 05:41:41.710972','2019-11-22 05:41:41.710972');
CREATE TABLE IF NOT EXISTS "user_announcements" ("id" integer PRIMARY KEY AUTOINCREMENT NOT NULL, "user_id" integer, "announcement_id" integer, "read_at" datetime DEFAULT NULL, "created_at" datetime NOT NULL, "updated_at" datetime NOT NULL, CONSTRAINT "fk_rails_9dd0a6ef76"
FOREIGN KEY ("user_id")
  REFERENCES "users" ("id")
, CONSTRAINT "fk_rails_2ee5e7f73c"
FOREIGN KEY ("announcement_id")
  REFERENCES "announcements" ("id")
);
INSERT INTO user_announcements VALUES(1,1,1,NULL,'2019-11-22 05:44:09','2019-11-22 05:44:09');
INSERT INTO user_announcements VALUES(2,1,2,NULL,'2019-11-22 05:44:09','2019-11-22 05:44:09');
CREATE TABLE IF NOT EXISTS "categories" ("id" integer PRIMARY KEY AUTOINCREMENT NOT NULL, "name" text NOT NULL, "created_at" datetime NOT NULL, "updated_at" datetime NOT NULL);
INSERT INTO categories VALUES(1,'BOOK','2019-11-22 05:40:52.130212','2019-11-22 05:40:52.130212');
INSERT INTO categories VALUES(2,'MAGAZINE','2019-11-22 05:40:52.132206','2019-11-22 05:40:52.132206');
INSERT INTO categories VALUES(3,'NEWSPAPER','2019-11-22 05:40:52.133483','2019-11-22 05:40:52.133483');
INSERT INTO categories VALUES(4,'OTHER','2019-11-22 05:40:52.134525','2019-11-22 05:40:52.134525');
CREATE TABLE IF NOT EXISTS "daisy_formats" ("id" integer PRIMARY KEY AUTOINCREMENT NOT NULL, "format" text NOT NULL, "created_at" datetime NOT NULL, "updated_at" datetime NOT NULL);
INSERT INTO daisy_formats VALUES(1,'Daisy 2.02','2019-11-22 05:40:52.149965','2019-11-22 05:40:52.149965');
INSERT INTO daisy_formats VALUES(2,'ANSI/NISO Z39.86-2005','2019-11-22 05:40:52.151999','2019-11-22 05:40:52.151999');
INSERT INTO daisy_formats VALUES(3,'PDTB2','2019-11-22 05:40:52.153196','2019-11-22 05:40:52.153196');
CREATE TABLE IF NOT EXISTS "user_bookmarks" ("id" integer PRIMARY KEY AUTOINCREMENT NOT NULL, "user_id" integer, "content_id" integer, "bookmark_set" text NOT NULL, "created_at" datetime NOT NULL, "updated_at" datetime NOT NULL, CONSTRAINT "fk_rails_6282c98c14"
FOREIGN KEY ("user_id")
  REFERENCES "users" ("id")
, CONSTRAINT "fk_rails_dc9914be68"
FOREIGN KEY ("content_id")
  REFERENCES "contents" ("id")
);
CREATE TABLE IF NOT EXISTS "content_lists" ("id" integer PRIMARY KEY AUTOINCREMENT NOT NULL, "name" text NOT NULL, "created_at" datetime NOT NULL, "updated_at" datetime NOT NULL);
INSERT INTO content_lists VALUES(1,'bookshelf','2019-11-22 05:40:52.209507','2019-11-22 05:40:52.209507');
INSERT INTO content_lists VALUES(2,'new','2019-11-22 05:40:52.211458','2019-11-22 05:40:52.211458');
INSERT INTO content_lists VALUES(3,'issued','2019-11-22 05:40:52.212607','2019-11-22 05:40:52.212607');
INSERT INTO content_lists VALUES(20,'search','2019-11-22 05:40:52.216379','2019-11-22 05:40:52.216379');
INSERT INTO content_lists VALUES(4,'expired','2019-11-22 05:40:52.214094','2019-11-22 05:40:52.214094');
INSERT INTO content_lists VALUES(30,'browse','2019-11-22 05:40:52.217229','2019-11-22 05:40:52.217229');
CREATE TABLE IF NOT EXISTS "states" ("id" integer PRIMARY KEY AUTOINCREMENT NOT NULL, "state" text NOT NULL, "created_at" datetime NOT NULL, "updated_at" datetime NOT NULL);
INSERT INTO states VALUES(1,'NULL','2019-11-22 05:40:52.183803','2019-11-22 05:40:52.183803');
INSERT INTO states VALUES(2,'START','2019-11-22 05:40:52.186571','2019-11-22 05:40:52.186571');
INSERT INTO states VALUES(3,'PAUSE','2019-11-22 05:40:52.188323','2019-11-22 05:40:52.188323');
INSERT INTO states VALUES(4,'RESUME','2019-11-22 05:40:52.190578','2019-11-22 05:40:52.190578');
INSERT INTO states VALUES(5,'FINISH','2019-11-22 05:40:52.191748','2019-11-22 05:40:52.191748');
CREATE TABLE IF NOT EXISTS "content_metadata" ("id" integer PRIMARY KEY AUTOINCREMENT NOT NULL, "content_id" integer, "key" text NOT NULL, "value" text NOT NULL, "created_at" datetime NOT NULL, "updated_at" datetime NOT NULL, CONSTRAINT "fk_rails_e30c04a905"
FOREIGN KEY ("content_id")
  REFERENCES "contents" ("id")
);
INSERT INTO content_metadata VALUES(1,1,'dc:creator','Henry James','2019-11-22 05:41:41.929535','2019-11-22 05:41:41.929535');
INSERT INTO content_metadata VALUES(2,1,'dc:date','2009-06-22','2019-11-22 05:41:41.967152','2019-11-22 05:41:41.967152');
INSERT INTO content_metadata VALUES(3,1,'dc:format','Daisy 2.02','2019-11-22 05:41:42.002514','2019-11-22 05:41:42.002514');
INSERT INTO content_metadata VALUES(4,1,'dc:identifier','Unknown','2019-11-22 05:41:42.050245','2019-11-22 05:41:42.050245');
INSERT INTO content_metadata VALUES(5,1,'dc:language','en','2019-11-22 05:41:42.089066','2019-11-22 05:41:42.089066');
INSERT INTO content_metadata VALUES(6,1,'dc:publisher','DC','2019-11-22 05:41:42.129538','2019-11-22 05:41:42.129538');
INSERT INTO content_metadata VALUES(7,1,'dc:source','The galaxy vol. 8 no. 1 (July 1869),   pages 49-68','2019-11-22 05:41:42.171977','2019-11-22 05:41:42.171977');
INSERT INTO content_metadata VALUES(8,1,'dc:subject','Relationships, betrayal','2019-11-22 05:41:42.211178','2019-11-22 05:41:42.211178');
INSERT INTO content_metadata VALUES(9,1,'dc:title','A light Man','2019-11-22 05:41:42.245521','2019-11-22 05:41:42.245521');
INSERT INTO content_metadata VALUES(10,1,'ncc:charset','utf-8','2019-11-22 05:41:42.292937','2019-11-22 05:41:42.292937');
INSERT INTO content_metadata VALUES(11,1,'ncc:depth','1','2019-11-22 05:41:42.342646','2019-11-22 05:41:42.342646');
INSERT INTO content_metadata VALUES(12,1,'ncc:files','36','2019-11-22 05:41:42.385380','2019-11-22 05:41:42.385380');
INSERT INTO content_metadata VALUES(13,1,'ncc:footnotes','0','2019-11-22 05:41:42.425811','2019-11-22 05:41:42.425811');
INSERT INTO content_metadata VALUES(14,1,'ncc:generator','EasePublisher 2.13 Build 163 # 044FS2212172434','2019-11-22 05:41:42.468797','2019-11-22 05:41:42.468797');
INSERT INTO content_metadata VALUES(15,1,'ncc:kbytesize','35930','2019-11-22 05:41:42.516082','2019-11-22 05:41:42.516082');
INSERT INTO content_metadata VALUES(16,1,'ncc:maxpagenormal','26','2019-11-22 05:41:42.560508','2019-11-22 05:41:42.560508');
INSERT INTO content_metadata VALUES(17,1,'ncc:multimediatype','audioNcc','2019-11-22 05:41:42.609274','2019-11-22 05:41:42.609274');
INSERT INTO content_metadata VALUES(18,1,'ncc:narrator','OM','2019-11-22 05:41:42.648817','2019-11-22 05:41:42.648817');
INSERT INTO content_metadata VALUES(19,1,'ncc:pagefront','0','2019-11-22 05:41:42.694322','2019-11-22 05:41:42.694322');
INSERT INTO content_metadata VALUES(20,1,'ncc:pagenormal','26','2019-11-22 05:41:42.742967','2019-11-22 05:41:42.742967');
INSERT INTO content_metadata VALUES(21,1,'ncc:pagespecial','0','2019-11-22 05:41:42.785714','2019-11-22 05:41:42.785714');
INSERT INTO content_metadata VALUES(22,1,'ncc:prodnotes','0','2019-11-22 05:41:42.823191','2019-11-22 05:41:42.823191');
INSERT INTO content_metadata VALUES(23,1,'ncc:setinfo','1 of 1','2019-11-22 05:41:42.862148','2019-11-22 05:41:42.862148');
INSERT INTO content_metadata VALUES(24,1,'ncc:sidebars','0','2019-11-22 05:41:42.895857','2019-11-22 05:41:42.895857');
INSERT INTO content_metadata VALUES(25,1,'ncc:sourcedate','2009-07-18','2019-11-22 05:41:42.931261','2019-11-22 05:41:42.931261');
INSERT INTO content_metadata VALUES(26,1,'ncc:sourceedition','1.','2019-11-22 05:41:42.980375','2019-11-22 05:41:42.980375');
INSERT INTO content_metadata VALUES(27,1,'ncc:sourcepublisher','The galaxy vol. 8 no. 1 (July 1869),   pages 49-68','2019-11-22 05:41:43.011152','2019-11-22 05:41:43.011152');
INSERT INTO content_metadata VALUES(28,1,'ncc:sourcerights','Gutenberg project','2019-11-22 05:41:43.046512','2019-11-22 05:41:43.046512');
INSERT INTO content_metadata VALUES(29,1,'ncc:sourcetitle','A light man','2019-11-22 05:41:43.098082','2019-11-22 05:41:43.098082');
INSERT INTO content_metadata VALUES(30,1,'ncc:tocitems','43','2019-11-22 05:41:43.134589','2019-11-22 05:41:43.134589');
INSERT INTO content_metadata VALUES(31,1,'ncc:totaltime','01:27:15','2019-11-22 05:41:43.172871','2019-11-22 05:41:43.172871');
INSERT INTO content_metadata VALUES(32,2,'dc:creator','WikiHow','2019-11-22 05:41:43.273207','2019-11-22 05:41:43.273207');
INSERT INTO content_metadata VALUES(33,2,'dc:date','2009-04-26','2019-11-22 05:41:43.312691','2019-11-22 05:41:43.312691');
INSERT INTO content_metadata VALUES(34,2,'dc:format','ANSI/NIZO Z39.86-2005','2019-11-22 05:41:43.348273','2019-11-22 05:41:43.348273');
INSERT INTO content_metadata VALUES(35,2,'dc:identifier','5078727220897727718','2019-11-22 05:41:43.391042','2019-11-22 05:41:43.391042');
INSERT INTO content_metadata VALUES(36,2,'dc:language','en-IN','2019-11-22 05:41:43.427994','2019-11-22 05:41:43.427994');
INSERT INTO content_metadata VALUES(37,2,'dc:publisher','DAISY India','2019-11-22 05:41:43.462608','2019-11-22 05:41:43.462608');
INSERT INTO content_metadata VALUES(38,2,'dc:subject','A Short Manual for Disaster Management','2019-11-22 05:41:43.497820','2019-11-22 05:41:43.497820');
INSERT INTO content_metadata VALUES(39,2,'dc:title','ARE YOU READY?','2019-11-22 05:41:43.534471','2019-11-22 05:41:43.534471');
INSERT INTO content_metadata VALUES(40,3,'dc:title','Climbing the Highest Mountain','2019-11-22 05:41:43.578787','2019-11-22 05:41:43.578787');
INSERT INTO content_metadata VALUES(41,3,'dc:creator','Per Sennels','2019-11-22 05:41:43.615197','2019-11-22 05:41:43.615197');
INSERT INTO content_metadata VALUES(42,3,'dc:date','2003-05-08','2019-11-22 05:41:43.666134','2019-11-22 05:41:43.666134');
INSERT INTO content_metadata VALUES(43,3,'dc:format','Daisy 2.02','2019-11-22 05:41:43.711612','2019-11-22 05:41:43.711612');
INSERT INTO content_metadata VALUES(44,3,'dc:identifier','skipdemo-amsterdam','2019-11-22 05:41:43.746028','2019-11-22 05:41:43.746028');
INSERT INTO content_metadata VALUES(45,3,'dc:language','en','2019-11-22 05:41:43.782575','2019-11-22 05:41:43.782575');
INSERT INTO content_metadata VALUES(46,3,'dc:publisher','DAISY Consortium','2019-11-22 05:41:43.816719','2019-11-22 05:41:43.816719');
INSERT INTO content_metadata VALUES(47,3,'dc:subject','Mountains','2019-11-22 05:41:43.861007','2019-11-22 05:41:43.861007');
INSERT INTO content_metadata VALUES(48,3,'ncc:pagefront','0','2019-11-22 05:41:43.895531','2019-11-22 05:41:43.895531');
INSERT INTO content_metadata VALUES(49,3,'ncc:pagenormal','8','2019-11-22 05:41:43.931364','2019-11-22 05:41:43.931364');
INSERT INTO content_metadata VALUES(50,3,'ncc:pagespecial','0','2019-11-22 05:41:43.969836','2019-11-22 05:41:43.969836');
INSERT INTO content_metadata VALUES(51,3,'ncc:setinfo','1 of 1','2019-11-22 05:41:44.040331','2019-11-22 05:41:44.040331');
INSERT INTO content_metadata VALUES(52,3,'ncc:depth','3','2019-11-22 05:41:44.076836','2019-11-22 05:41:44.076836');
INSERT INTO content_metadata VALUES(53,3,'ncc:maxpagenormal','8','2019-11-22 05:41:44.115725','2019-11-22 05:41:44.115725');
INSERT INTO content_metadata VALUES(54,3,'ncc:multimediatype','audioNcc','2019-11-22 05:41:44.152989','2019-11-22 05:41:44.152989');
INSERT INTO content_metadata VALUES(55,3,'ncc:narrator','Joan Dahm-Simonsen','2019-11-22 05:41:44.191966','2019-11-22 05:41:44.191966');
INSERT INTO content_metadata VALUES(56,3,'ncc:producer','Huseby kompetansesenter','2019-11-22 05:41:44.227901','2019-11-22 05:41:44.227901');
INSERT INTO content_metadata VALUES(57,3,'ncc:generator','Skippability Tweaker 0.1.53','2019-11-22 05:41:44.265988','2019-11-22 05:41:44.265988');
INSERT INTO content_metadata VALUES(58,3,'ncc:sidebars','4','2019-11-22 05:41:44.307986','2019-11-22 05:41:44.307986');
INSERT INTO content_metadata VALUES(59,3,'ncc:prodnotes','2','2019-11-22 05:41:44.344646','2019-11-22 05:41:44.344646');
INSERT INTO content_metadata VALUES(60,3,'ncc:footnotes','1','2019-11-22 05:41:44.381153','2019-11-22 05:41:44.381153');
INSERT INTO content_metadata VALUES(61,3,'ncc:totaltime','00:05:27','2019-11-22 05:41:44.409844','2019-11-22 05:41:44.409844');
INSERT INTO content_metadata VALUES(62,3,'ncc:charset','windows-1252','2019-11-22 05:41:44.448308','2019-11-22 05:41:44.448308');
INSERT INTO content_metadata VALUES(63,3,'ncc:files','20','2019-11-22 05:41:44.482464','2019-11-22 05:41:44.482464');
INSERT INTO content_metadata VALUES(64,3,'ncc:kbytesize','1975','2019-11-22 05:41:44.527785','2019-11-22 05:41:44.527785');
INSERT INTO content_metadata VALUES(65,3,'ncc:tocitems','23','2019-11-22 05:41:44.562374','2019-11-22 05:41:44.562374');
CREATE TABLE IF NOT EXISTS "question_types" ("id" integer PRIMARY KEY AUTOINCREMENT NOT NULL, "name" text NOT NULL, "created_at" datetime NOT NULL, "updated_at" datetime NOT NULL);
INSERT INTO question_types VALUES(1,'multipleChoiceQuestion','2019-11-22 05:40:52.230829','2019-11-22 05:40:52.230829');
INSERT INTO question_types VALUES(2,'inputQuestion','2019-11-22 05:40:52.232597','2019-11-22 05:40:52.232597');
INSERT INTO question_types VALUES(3,'choice','2019-11-22 05:40:52.233723','2019-11-22 05:40:52.233723');
INSERT INTO question_types VALUES(4,'contentListRef','2019-11-22 05:40:52.234776','2019-11-22 05:40:52.234776');
INSERT INTO question_types VALUES(5,'label','2019-11-22 05:40:52.235743','2019-11-22 05:40:52.235743');
CREATE TABLE IF NOT EXISTS "questions" ("id" integer PRIMARY KEY AUTOINCREMENT NOT NULL, "parent_id" integer, "question_type_id" integer, "created_at" datetime NOT NULL, "updated_at" datetime NOT NULL, CONSTRAINT "fk_rails_3308b63de5"
FOREIGN KEY ("question_type_id")
  REFERENCES "question_types" ("id")
);
INSERT INTO questions VALUES(1,0,1,'2019-11-22 05:44:09','2019-11-22 05:44:09');
INSERT INTO questions VALUES(2,1,3,'2019-11-22 05:44:09','2019-11-22 05:44:09');
INSERT INTO questions VALUES(3,1,3,'2019-11-22 05:44:09','2019-11-22 05:44:09');
INSERT INTO questions VALUES(4,1,3,'2019-11-22 05:44:09','2019-11-22 05:44:09');
INSERT INTO questions VALUES(20,2,1,'2019-11-22 05:44:09','2019-11-22 05:44:09');
INSERT INTO questions VALUES(21,20,3,'2019-11-22 05:44:09','2019-11-22 05:44:09');
INSERT INTO questions VALUES(22,20,3,'2019-11-22 05:44:09','2019-11-22 05:44:09');
INSERT INTO questions VALUES(23,21,2,'2019-11-22 05:44:09','2019-11-22 05:44:09');
INSERT INTO questions VALUES(24,22,2,'2019-11-22 05:44:09','2019-11-22 05:44:09');
INSERT INTO questions VALUES(25,23,4,'2019-11-22 05:44:09','2019-11-22 05:44:09');
INSERT INTO questions VALUES(26,24,4,'2019-11-22 05:44:09','2019-11-22 05:44:09');
INSERT INTO questions VALUES(30,3,1,'2019-11-22 05:44:09','2019-11-22 05:44:09');
INSERT INTO questions VALUES(31,30,3,'2019-11-22 05:44:09','2019-11-22 05:44:09');
INSERT INTO questions VALUES(32,30,3,'2019-11-22 05:44:09','2019-11-22 05:44:09');
INSERT INTO questions VALUES(33,30,3,'2019-11-22 05:44:09','2019-11-22 05:44:09');
INSERT INTO questions VALUES(34,31,4,'2019-11-22 05:44:09','2019-11-22 05:44:09');
INSERT INTO questions VALUES(35,32,4,'2019-11-22 05:44:09','2019-11-22 05:44:09');
INSERT INTO questions VALUES(36,33,4,'2019-11-22 05:44:09','2019-11-22 05:44:09');
INSERT INTO questions VALUES(40,4,1,'2019-11-22 05:44:09','2019-11-22 05:44:09');
INSERT INTO questions VALUES(41,4,2,'2019-11-22 05:44:09','2019-11-22 05:44:09');
INSERT INTO questions VALUES(42,40,3,'2019-11-22 05:44:09','2019-11-22 05:44:09');
INSERT INTO questions VALUES(43,40,3,'2019-11-22 05:44:09','2019-11-22 05:44:09');
INSERT INTO questions VALUES(44,40,3,'2019-11-22 05:44:09','2019-11-22 05:44:09');
INSERT INTO questions VALUES(45,40,3,'2019-11-22 05:44:09','2019-11-22 05:44:09');
INSERT INTO questions VALUES(46,41,5,'2019-11-22 05:44:09','2019-11-22 05:44:09');
INSERT INTO questions VALUES(47,42,5,'2019-11-22 05:44:09','2019-11-22 05:44:09');
INSERT INTO questions VALUES(48,43,5,'2019-11-22 05:44:09','2019-11-22 05:44:09');
INSERT INTO questions VALUES(49,44,5,'2019-11-22 05:44:09','2019-11-22 05:44:09');
INSERT INTO questions VALUES(50,45,5,'2019-11-22 05:44:09','2019-11-22 05:44:09');
CREATE TABLE IF NOT EXISTS "question_inputs" ("id" integer PRIMARY KEY AUTOINCREMENT NOT NULL, "question_id" integer, "allow_multiple_selections" integer DEFAULT NULL, "text_numeric" integer DEFAULT NULL, "text_alphanumeric" integer DEFAULT NULL, "audio" integer DEFAULT NULL, "default_value" text, "created_at" datetime NOT NULL, "updated_at" datetime NOT NULL, CONSTRAINT "fk_rails_e9a58aaea9"
FOREIGN KEY ("question_id")
  REFERENCES "questions" ("id")
);
INSERT INTO question_inputs VALUES(1,1,NULL,NULL,NULL,NULL,NULL,'2019-11-22 05:44:09','2019-11-22 05:44:09');
INSERT INTO question_inputs VALUES(2,20,NULL,NULL,NULL,NULL,NULL,'2019-11-22 05:44:09','2019-11-22 05:44:09');
INSERT INTO question_inputs VALUES(3,30,NULL,NULL,NULL,NULL,NULL,'2019-11-22 05:44:09','2019-11-22 05:44:09');
INSERT INTO question_inputs VALUES(4,40,NULL,NULL,NULL,NULL,NULL,'2019-11-22 05:44:09','2019-11-22 05:44:09');
INSERT INTO question_inputs VALUES(5,23,NULL,NULL,1,NULL,NULL,'2019-11-22 05:44:09','2019-11-22 05:44:09');
INSERT INTO question_inputs VALUES(6,24,NULL,NULL,1,NULL,NULL,'2019-11-22 05:44:09','2019-11-22 05:44:09');
INSERT INTO question_inputs VALUES(7,41,NULL,NULL,1,NULL,NULL,'2019-11-22 05:44:09','2019-11-22 05:44:09');
CREATE TABLE IF NOT EXISTS "question_texts" ("id" integer PRIMARY KEY AUTOINCREMENT NOT NULL, "language_id" integer, "text" text NOT NULL, "created_at" datetime NOT NULL, "updated_at" datetime NOT NULL, CONSTRAINT "fk_rails_a55bd375cb"
FOREIGN KEY ("language_id")
  REFERENCES "languages" ("id")
);
INSERT INTO question_texts VALUES(1,1,'What would you like to do?','2019-11-22 05:44:09','2019-11-22 05:44:09');
INSERT INTO question_texts VALUES(2,2,'Vad vill du göra?','2019-11-22 05:44:09','2019-11-22 05:44:09');
INSERT INTO question_texts VALUES(3,1,'Search the library.','2019-11-22 05:44:09','2019-11-22 05:44:09');
INSERT INTO question_texts VALUES(4,2,'Söka i biblioteket.','2019-11-22 05:44:09','2019-11-22 05:44:09');
INSERT INTO question_texts VALUES(5,1,'Browse the library.','2019-11-22 05:44:09','2019-11-22 05:44:09');
INSERT INTO question_texts VALUES(6,2,'Utforska biblioteket.','2019-11-22 05:44:09','2019-11-22 05:44:09');
INSERT INTO question_texts VALUES(7,1,'Give feedback.','2019-11-22 05:44:09','2019-11-22 05:44:09');
INSERT INTO question_texts VALUES(8,2,'Ge feedback.','2019-11-22 05:44:09','2019-11-22 05:44:09');
INSERT INTO question_texts VALUES(9,1,'What do you want to search by?','2019-11-22 05:44:09','2019-11-22 05:44:09');
INSERT INTO question_texts VALUES(10,2,'Vad vill du söka enligt?','2019-11-22 05:44:09','2019-11-22 05:44:09');
INSERT INTO question_texts VALUES(11,1,'Search by author.','2019-11-22 05:44:09','2019-11-22 05:44:09');
INSERT INTO question_texts VALUES(12,2,'Sök bland författare.','2019-11-22 05:44:09','2019-11-22 05:44:09');
INSERT INTO question_texts VALUES(13,1,'Search by title.','2019-11-22 05:44:09','2019-11-22 05:44:09');
INSERT INTO question_texts VALUES(14,2,'Sök bland titel.','2019-11-22 05:44:09','2019-11-22 05:44:09');
INSERT INTO question_texts VALUES(15,1,'Author keywords:','2019-11-22 05:44:09','2019-11-22 05:44:09');
INSERT INTO question_texts VALUES(16,2,'Sökord författare:','2019-11-22 05:44:09','2019-11-22 05:44:09');
INSERT INTO question_texts VALUES(17,1,'Title keywords:','2019-11-22 05:44:09','2019-11-22 05:44:09');
INSERT INTO question_texts VALUES(18,2,'Sökord titel:','2019-11-22 05:44:09','2019-11-22 05:44:09');
INSERT INTO question_texts VALUES(19,1,'How do you want to browse the library?','2019-11-22 05:44:09','2019-11-22 05:44:09');
INSERT INTO question_texts VALUES(20,2,'Hur vill du utforska biblioteket?','2019-11-22 05:44:09','2019-11-22 05:44:09');
INSERT INTO question_texts VALUES(21,1,'Browse by title.','2019-11-22 05:44:09','2019-11-22 05:44:09');
INSERT INTO question_texts VALUES(22,2,'Utforska bland titlar.','2019-11-22 05:44:09','2019-11-22 05:44:09');
INSERT INTO question_texts VALUES(23,1,'Browse by Daisy 2 content format.','2019-11-22 05:44:09','2019-11-22 05:44:09');
INSERT INTO question_texts VALUES(24,2,'Utforska bland Daisy 2 filformat.','2019-11-22 05:44:09','2019-11-22 05:44:09');
INSERT INTO question_texts VALUES(25,1,'Browse by Daisy 3 content format.','2019-11-22 05:44:09','2019-11-22 05:44:09');
INSERT INTO question_texts VALUES(26,2,'Utforska bland Daisy 3 filformat.','2019-11-22 05:44:09','2019-11-22 05:44:09');
INSERT INTO question_texts VALUES(27,1,'How would you rate this service?','2019-11-22 05:44:09','2019-11-22 05:44:09');
INSERT INTO question_texts VALUES(28,2,'Hur skulle du betygsätta denna tjänst?','2019-11-22 05:44:09','2019-11-22 05:44:09');
INSERT INTO question_texts VALUES(29,1,'Optional feedback?','2019-11-22 05:44:09','2019-11-22 05:44:09');
INSERT INTO question_texts VALUES(30,2,'Frivillig feedback?','2019-11-22 05:44:09','2019-11-22 05:44:09');
INSERT INTO question_texts VALUES(31,1,'Excellent.','2019-11-22 05:44:09','2019-11-22 05:44:09');
INSERT INTO question_texts VALUES(32,2,'Utmärkt.','2019-11-22 05:44:09','2019-11-22 05:44:09');
INSERT INTO question_texts VALUES(33,1,'Good.','2019-11-22 05:44:09','2019-11-22 05:44:09');
INSERT INTO question_texts VALUES(34,2,'Bra.','2019-11-22 05:44:09','2019-11-22 05:44:09');
INSERT INTO question_texts VALUES(35,1,'Fair.','2019-11-22 05:44:09','2019-11-22 05:44:09');
INSERT INTO question_texts VALUES(36,2,'Dålig.','2019-11-22 05:44:09','2019-11-22 05:44:09');
INSERT INTO question_texts VALUES(37,1,'Poor.','2019-11-22 05:44:09','2019-11-22 05:44:09');
INSERT INTO question_texts VALUES(38,2,'Usel.','2019-11-22 05:44:09','2019-11-22 05:44:09');
INSERT INTO question_texts VALUES(39,1,'Thank you for your feedback.','2019-11-22 05:44:09','2019-11-22 05:44:09');
INSERT INTO question_texts VALUES(40,2,'Tack för din feedback.','2019-11-22 05:44:09','2019-11-22 05:44:09');
CREATE TABLE IF NOT EXISTS "question_audios" ("id" integer PRIMARY KEY AUTOINCREMENT NOT NULL, "question_text_id" integer, "size" integer NOT NULL, "length" integer NOT NULL, "mime_type" text NOT NULL, "audio" text NOT NULL, "created_at" datetime NOT NULL, "updated_at" datetime NOT NULL, CONSTRAINT "fk_rails_2c14c16967"
FOREIGN KEY ("question_text_id")
  REFERENCES "question_texts" ("id")
);
INSERT INTO question_audios VALUES(1,1,13817,1303,'audio/ogg','question_1.ogg','2019-11-22 05:44:09','2019-11-22 05:44:09');
INSERT INTO question_audios VALUES(2,2,14634,1049,'audio/ogg','question_2.ogg','2019-11-22 05:44:09','2019-11-22 05:44:09');
INSERT INTO question_audios VALUES(3,3,13649,1016,'audio/ogg','question_3.ogg','2019-11-22 05:44:09','2019-11-22 05:44:09');
INSERT INTO question_audios VALUES(4,4,14255,1358,'audio/ogg','question_4.ogg','2019-11-22 05:44:09','2019-11-22 05:44:09');
INSERT INTO question_audios VALUES(5,5,13414,971,'audio/ogg','question_5.ogg','2019-11-22 05:44:09','2019-11-22 05:44:09');
INSERT INTO question_audios VALUES(6,6,14323,1427,'audio/ogg','question_6.ogg','2019-11-22 05:44:09','2019-11-22 05:44:09');
INSERT INTO question_audios VALUES(7,7,10317,776,'audio/ogg','question_7.ogg','2019-11-22 05:44:09','2019-11-22 05:44:09');
INSERT INTO question_audios VALUES(8,8,11936,865,'audio/ogg','question_8.ogg','2019-11-22 05:44:09','2019-11-22 05:44:09');
INSERT INTO question_audios VALUES(9,9,16948,1731,'audio/ogg','question_9.ogg','2019-11-22 05:44:09','2019-11-22 05:44:09');
INSERT INTO question_audios VALUES(10,10,15906,1495,'audio/ogg','question_10.ogg','2019-11-22 05:44:09','2019-11-22 05:44:09');
INSERT INTO question_audios VALUES(11,11,12455,920,'audio/ogg','question_11.ogg','2019-11-22 05:44:09','2019-11-22 05:44:09');
INSERT INTO question_audios VALUES(12,12,12857,1475,'audio/ogg','question_12.ogg','2019-11-22 05:44:09','2019-11-22 05:44:09');
INSERT INTO question_audios VALUES(13,13,10729,1016,'audio/ogg','question_13.ogg','2019-11-22 05:44:09','2019-11-22 05:44:09');
INSERT INTO question_audios VALUES(14,14,11504,1092,'audio/ogg','question_14.ogg','2019-11-22 05:44:09','2019-11-22 05:44:09');
INSERT INTO question_audios VALUES(15,15,11760,926,'audio/ogg','question_15.ogg','2019-11-22 05:44:09','2019-11-22 05:44:09');
INSERT INTO question_audios VALUES(16,16,13190,1380,'audio/ogg','question_16.ogg','2019-11-22 05:44:09','2019-11-22 05:44:09');
INSERT INTO question_audios VALUES(17,17,9871,972,'audio/ogg','question_17.ogg','2019-11-22 05:44:09','2019-11-22 05:44:09');
INSERT INTO question_audios VALUES(18,18,9975,997,'audio/ogg','question_18.ogg','2019-11-22 05:44:09','2019-11-22 05:44:09');
INSERT INTO question_audios VALUES(19,19,22087,1985,'audio/ogg','question_19.ogg','2019-11-22 05:44:09','2019-11-22 05:44:09');
INSERT INTO question_audios VALUES(20,20,21288,2002,'audio/ogg','question_20.ogg','2019-11-22 05:44:09','2019-11-22 05:44:09');
INSERT INTO question_audios VALUES(21,21,9715,972,'audio/ogg','question_21.ogg','2019-11-22 05:44:09','2019-11-22 05:44:09');
INSERT INTO question_audios VALUES(22,22,13854,1339,'audio/ogg','question_22.ogg','2019-11-22 05:44:09','2019-11-22 05:44:09');
INSERT INTO question_audios VALUES(23,23,19397,2018,'audio/ogg','question_23.ogg','2019-11-22 05:44:09','2019-11-22 05:44:09');
INSERT INTO question_audios VALUES(24,24,20361,2267,'audio/ogg','question_24.ogg','2019-11-22 05:44:09','2019-11-22 05:44:09');
INSERT INTO question_audios VALUES(25,25,19313,2052,'audio/ogg','question_25.ogg','2019-11-22 05:44:09','2019-11-22 05:44:09');
INSERT INTO question_audios VALUES(26,26,21900,2292,'audio/ogg','question_26.ogg','2019-11-22 05:44:09','2019-11-22 05:44:09');
INSERT INTO question_audios VALUES(27,27,17356,1507,'audio/ogg','question_27.ogg','2019-11-22 05:44:09','2019-11-22 05:44:09');
INSERT INTO question_audios VALUES(28,28,21999,2198,'audio/ogg','question_28.ogg','2019-11-22 05:44:09','2019-11-22 05:44:09');
INSERT INTO question_audios VALUES(29,29,11525,1027,'audio/ogg','question_29.ogg','2019-11-22 05:44:09','2019-11-22 05:44:09');
INSERT INTO question_audios VALUES(30,30,15271,1219,'audio/ogg','question_30.ogg','2019-11-22 05:44:09','2019-11-22 05:44:09');
INSERT INTO question_audios VALUES(31,31,8239,635,'audio/ogg','question_31.ogg','2019-11-22 05:44:09','2019-11-22 05:44:09');
INSERT INTO question_audios VALUES(32,32,9086,662,'audio/ogg','question_32.ogg','2019-11-22 05:44:09','2019-11-22 05:44:09');
INSERT INTO question_audios VALUES(33,33,5465,324,'audio/ogg','question_33.ogg','2019-11-22 05:44:09','2019-11-22 05:44:09');
INSERT INTO question_audios VALUES(34,34,8102,447,'audio/ogg','question_34.ogg','2019-11-22 05:44:09','2019-11-22 05:44:09');
INSERT INTO question_audios VALUES(35,35,7485,394,'audio/ogg','question_35.ogg','2019-11-22 05:44:09','2019-11-22 05:44:09');
INSERT INTO question_audios VALUES(36,36,6234,424,'audio/ogg','question_36.ogg','2019-11-22 05:44:09','2019-11-22 05:44:09');
INSERT INTO question_audios VALUES(37,37,5358,318,'audio/ogg','question_37.ogg','2019-11-22 05:44:09','2019-11-22 05:44:09');
INSERT INTO question_audios VALUES(38,38,7797,429,'audio/ogg','question_38.ogg','2019-11-22 05:44:09','2019-11-22 05:44:09');
INSERT INTO question_audios VALUES(39,39,15523,1368,'audio/ogg','question_39.ogg','2019-11-22 05:44:09','2019-11-22 05:44:09');
INSERT INTO question_audios VALUES(40,40,14041,1320,'audio/ogg','question_40.ogg','2019-11-22 05:44:09','2019-11-22 05:44:09');
CREATE TABLE IF NOT EXISTS "question_question_texts" ("id" integer PRIMARY KEY AUTOINCREMENT NOT NULL, "question_id" integer, "question_text_id" integer, "created_at" datetime NOT NULL, "updated_at" datetime NOT NULL, CONSTRAINT "fk_rails_3d496c7bca"
FOREIGN KEY ("question_id")
  REFERENCES "questions" ("id")
, CONSTRAINT "fk_rails_828aa31938"
FOREIGN KEY ("question_text_id")
  REFERENCES "question_texts" ("id")
);
INSERT INTO question_question_texts VALUES(1,1,1,'2019-11-22 05:44:09','2019-11-22 05:44:09');
INSERT INTO question_question_texts VALUES(2,1,2,'2019-11-22 05:44:09','2019-11-22 05:44:09');
INSERT INTO question_question_texts VALUES(3,2,3,'2019-11-22 05:44:09','2019-11-22 05:44:09');
INSERT INTO question_question_texts VALUES(4,2,4,'2019-11-22 05:44:09','2019-11-22 05:44:09');
INSERT INTO question_question_texts VALUES(5,3,5,'2019-11-22 05:44:09','2019-11-22 05:44:09');
INSERT INTO question_question_texts VALUES(6,3,6,'2019-11-22 05:44:09','2019-11-22 05:44:09');
INSERT INTO question_question_texts VALUES(7,4,7,'2019-11-22 05:44:09','2019-11-22 05:44:09');
INSERT INTO question_question_texts VALUES(8,4,8,'2019-11-22 05:44:09','2019-11-22 05:44:09');
INSERT INTO question_question_texts VALUES(9,20,9,'2019-11-22 05:44:09','2019-11-22 05:44:09');
INSERT INTO question_question_texts VALUES(10,20,10,'2019-11-22 05:44:09','2019-11-22 05:44:09');
INSERT INTO question_question_texts VALUES(11,21,11,'2019-11-22 05:44:09','2019-11-22 05:44:09');
INSERT INTO question_question_texts VALUES(12,21,12,'2019-11-22 05:44:09','2019-11-22 05:44:09');
INSERT INTO question_question_texts VALUES(13,22,13,'2019-11-22 05:44:09','2019-11-22 05:44:09');
INSERT INTO question_question_texts VALUES(14,22,14,'2019-11-22 05:44:09','2019-11-22 05:44:09');
INSERT INTO question_question_texts VALUES(15,23,15,'2019-11-22 05:44:09','2019-11-22 05:44:09');
INSERT INTO question_question_texts VALUES(16,23,16,'2019-11-22 05:44:09','2019-11-22 05:44:09');
INSERT INTO question_question_texts VALUES(17,24,17,'2019-11-22 05:44:09','2019-11-22 05:44:09');
INSERT INTO question_question_texts VALUES(18,24,18,'2019-11-22 05:44:09','2019-11-22 05:44:09');
INSERT INTO question_question_texts VALUES(19,30,19,'2019-11-22 05:44:09','2019-11-22 05:44:09');
INSERT INTO question_question_texts VALUES(20,30,20,'2019-11-22 05:44:09','2019-11-22 05:44:09');
INSERT INTO question_question_texts VALUES(21,31,21,'2019-11-22 05:44:09','2019-11-22 05:44:09');
INSERT INTO question_question_texts VALUES(22,31,22,'2019-11-22 05:44:09','2019-11-22 05:44:09');
INSERT INTO question_question_texts VALUES(23,32,23,'2019-11-22 05:44:09','2019-11-22 05:44:09');
INSERT INTO question_question_texts VALUES(24,32,24,'2019-11-22 05:44:09','2019-11-22 05:44:09');
INSERT INTO question_question_texts VALUES(25,33,25,'2019-11-22 05:44:09','2019-11-22 05:44:09');
INSERT INTO question_question_texts VALUES(26,33,26,'2019-11-22 05:44:09','2019-11-22 05:44:09');
INSERT INTO question_question_texts VALUES(27,40,27,'2019-11-22 05:44:09','2019-11-22 05:44:09');
INSERT INTO question_question_texts VALUES(28,40,28,'2019-11-22 05:44:09','2019-11-22 05:44:09');
INSERT INTO question_question_texts VALUES(29,41,29,'2019-11-22 05:44:09','2019-11-22 05:44:09');
INSERT INTO question_question_texts VALUES(30,41,30,'2019-11-22 05:44:09','2019-11-22 05:44:09');
INSERT INTO question_question_texts VALUES(31,42,31,'2019-11-22 05:44:09','2019-11-22 05:44:09');
INSERT INTO question_question_texts VALUES(32,42,32,'2019-11-22 05:44:09','2019-11-22 05:44:09');
INSERT INTO question_question_texts VALUES(33,43,33,'2019-11-22 05:44:09','2019-11-22 05:44:09');
INSERT INTO question_question_texts VALUES(34,43,34,'2019-11-22 05:44:09','2019-11-22 05:44:09');
INSERT INTO question_question_texts VALUES(35,44,35,'2019-11-22 05:44:09','2019-11-22 05:44:09');
INSERT INTO question_question_texts VALUES(36,44,26,'2019-11-22 05:44:09','2019-11-22 05:44:09');
INSERT INTO question_question_texts VALUES(37,45,37,'2019-11-22 05:44:09','2019-11-22 05:44:09');
INSERT INTO question_question_texts VALUES(38,45,38,'2019-11-22 05:44:09','2019-11-22 05:44:09');
INSERT INTO question_question_texts VALUES(39,46,39,'2019-11-22 05:44:09','2019-11-22 05:44:09');
INSERT INTO question_question_texts VALUES(40,46,40,'2019-11-22 05:44:09','2019-11-22 05:44:09');
INSERT INTO question_question_texts VALUES(41,47,39,'2019-11-22 05:44:09','2019-11-22 05:44:09');
INSERT INTO question_question_texts VALUES(42,47,40,'2019-11-22 05:44:09','2019-11-22 05:44:09');
INSERT INTO question_question_texts VALUES(43,48,39,'2019-11-22 05:44:09','2019-11-22 05:44:09');
INSERT INTO question_question_texts VALUES(44,48,40,'2019-11-22 05:44:09','2019-11-22 05:44:09');
INSERT INTO question_question_texts VALUES(45,49,39,'2019-11-22 05:44:09','2019-11-22 05:44:09');
INSERT INTO question_question_texts VALUES(46,49,40,'2019-11-22 05:44:09','2019-11-22 05:44:09');
INSERT INTO question_question_texts VALUES(47,50,39,'2019-11-22 05:44:09','2019-11-22 05:44:09');
INSERT INTO question_question_texts VALUES(48,50,40,'2019-11-22 05:44:09','2019-11-22 05:44:09');
CREATE TABLE IF NOT EXISTS "announcements" ("id" integer NOT NULL PRIMARY KEY, "category" text DEFAULT NULL, "priority" text NOT NULL, "created_at" datetime NOT NULL, "updated_at" datetime NOT NULL);
INSERT INTO announcements VALUES(1,'INFORMATION','MEDIUM','2019-11-22 05:44:09','2019-11-22 05:44:09');
INSERT INTO announcements VALUES(2,'INFORMATION','LOW','2019-11-22 05:44:09','2019-11-22 05:44:09');
CREATE TABLE IF NOT EXISTS "user_logs" ("id" integer PRIMARY KEY AUTOINCREMENT NOT NULL, "user_id" integer, "ip" text, "request" text, "response" text, "created_at" datetime NOT NULL, "updated_at" datetime NOT NULL, CONSTRAINT "fk_rails_903088cca6"
FOREIGN KEY ("user_id")
  REFERENCES "users" ("id")
);
CREATE TABLE IF NOT EXISTS "content_resources" ("id" integer NOT NULL PRIMARY KEY, "content_id" integer DEFAULT NULL, "file_name" text NOT NULL, "bytes" integer DEFAULT 0 NOT NULL, "mime_type" text NOT NULL, "created_at" datetime NOT NULL, "updated_at" datetime NOT NULL, "resource" varchar NOT NULL);
INSERT INTO content_resources VALUES(1,1,'01_A_light_Man.mp3',45531,'audio/mpeg','2019-11-22 05:41:44.797604','2019-11-22 05:41:44.797604','01_A_light_Man.mp3');
INSERT INTO content_resources VALUES(2,1,'02_Epigraph.mp3',176822,'audio/mpeg','2019-11-22 05:41:44.852942','2019-11-22 05:41:44.852942','02_Epigraph.mp3');
INSERT INTO content_resources VALUES(3,1,'03_April_4th_1857.mp3',1540205,'audio/mpeg','2019-11-22 05:41:44.963216','2019-11-22 05:41:44.963216','03_April_4th_1857.mp3');
INSERT INTO content_resources VALUES(4,1,'04_7th_.mp3',1204845,'audio/mpeg','2019-11-22 05:41:45.064958','2019-11-22 05:41:45.064958','04_7th_.mp3');
INSERT INTO content_resources VALUES(5,1,'05_D_the_14th_.mp3',8934948,'audio/mpeg','2019-11-22 05:41:45.469432','2019-11-22 05:41:45.469432','05_D_the_14th_.mp3');
INSERT INTO content_resources VALUES(6,1,'06_19th_.mp3',2863908,'audio/mpeg','2019-11-22 05:41:45.659797','2019-11-22 05:41:45.659797','06_19th_.mp3');
INSERT INTO content_resources VALUES(7,1,'07_22d_.mp3',4464640,'audio/mpeg','2019-11-22 05:41:45.936443','2019-11-22 05:41:45.936443','07_22d_.mp3');
INSERT INTO content_resources VALUES(8,1,'08_26th_.mp3',1939748,'audio/mpeg','2019-11-22 05:41:46.076323','2019-11-22 05:41:46.076323','08_26th_.mp3');
INSERT INTO content_resources VALUES(9,1,'09_May_3d_.mp3',1940662,'audio/mpeg','2019-11-22 05:41:46.210809','2019-11-22 05:41:46.210809','09_May_3d_.mp3');
INSERT INTO content_resources VALUES(10,1,'10_8th_.mp3',2005028,'audio/mpeg','2019-11-22 05:41:46.415914','2019-11-22 05:41:46.415914','10_8th_.mp3');
INSERT INTO content_resources VALUES(11,1,'11_13th_.mp3',741302,'audio/mpeg','2019-11-22 05:41:46.573906','2019-11-22 05:41:46.573906','11_13th_.mp3');
INSERT INTO content_resources VALUES(12,1,'12_18th_.mp3',691565,'audio/mpeg','2019-11-22 05:41:46.645805','2019-11-22 05:41:46.645805','12_18th_.mp3');
INSERT INTO content_resources VALUES(13,1,'13_20th_.mp3',2834468,'audio/mpeg','2019-11-22 05:41:46.765054','2019-11-22 05:41:46.765054','13_20th_.mp3');
INSERT INTO content_resources VALUES(14,1,'14_21st_.mp3',1639497,'audio/mpeg','2019-11-22 05:41:46.857223','2019-11-22 05:41:46.857223','14_21st_.mp3');
INSERT INTO content_resources VALUES(15,1,'15_22d_.mp3',451657,'audio/mpeg','2019-11-22 05:41:46.926423','2019-11-22 05:41:46.926423','15_22d_.mp3');
INSERT INTO content_resources VALUES(16,1,'16_23d_.mp3',4836205,'audio/mpeg','2019-11-22 05:41:47.154110','2019-11-22 05:41:47.154110','16_23d_.mp3');
INSERT INTO content_resources VALUES(17,1,'17_24th_.mp3',348342,'audio/mpeg','2019-11-22 05:41:47.208685','2019-11-22 05:41:47.208685','17_24th_.mp3');
INSERT INTO content_resources VALUES(18,1,'er_book_info.xml',1108,'text/plain','2019-11-22 05:41:47.250266','2019-11-22 05:41:47.250266','er_book_info.xml');
INSERT INTO content_resources VALUES(19,1,'icth0001.smil',1086,'text/plain','2019-11-22 05:41:47.289822','2019-11-22 05:41:47.289822','icth0001.smil');
INSERT INTO content_resources VALUES(20,1,'icth0002.smil',2128,'text/plain','2019-11-22 05:41:47.332662','2019-11-22 05:41:47.332662','icth0002.smil');
INSERT INTO content_resources VALUES(21,1,'icth0003.smil',6888,'text/plain','2019-11-22 05:41:47.370638','2019-11-22 05:41:47.370638','icth0003.smil');
INSERT INTO content_resources VALUES(22,1,'icth0004.smil',4667,'text/plain','2019-11-22 05:41:47.405574','2019-11-22 05:41:47.405574','icth0004.smil');
INSERT INTO content_resources VALUES(23,1,'icth0005.smil',27641,'text/plain','2019-11-22 05:41:47.448636','2019-11-22 05:41:47.448636','icth0005.smil');
INSERT INTO content_resources VALUES(24,1,'icth0006.smil',10464,'text/plain','2019-11-22 05:41:47.485437','2019-11-22 05:41:47.485437','icth0006.smil');
INSERT INTO content_resources VALUES(25,1,'icth0007.smil',12533,'text/plain','2019-11-22 05:41:47.524784','2019-11-22 05:41:47.524784','icth0007.smil');
INSERT INTO content_resources VALUES(26,1,'icth0008.smil',6417,'text/plain','2019-11-22 05:41:47.565565','2019-11-22 05:41:47.565565','icth0008.smil');
INSERT INTO content_resources VALUES(27,1,'icth0009.smil',6967,'text/plain','2019-11-22 05:41:47.606017','2019-11-22 05:41:47.606017','icth0009.smil');
INSERT INTO content_resources VALUES(28,1,'icth000a.smil',6154,'text/plain','2019-11-22 05:41:47.651848','2019-11-22 05:41:47.651848','icth000a.smil');
INSERT INTO content_resources VALUES(29,1,'icth000b.smil',2248,'text/plain','2019-11-22 05:41:47.701433','2019-11-22 05:41:47.701433','icth000b.smil');
INSERT INTO content_resources VALUES(30,1,'icth000c.smil',2417,'text/plain','2019-11-22 05:41:47.740495','2019-11-22 05:41:47.740495','icth000c.smil');
INSERT INTO content_resources VALUES(31,1,'icth000d.smil',7990,'text/plain','2019-11-22 05:41:47.797730','2019-11-22 05:41:47.797730','icth000d.smil');
INSERT INTO content_resources VALUES(32,1,'icth000e.smil',5311,'text/plain','2019-11-22 05:41:47.835806','2019-11-22 05:41:47.835806','icth000e.smil');
INSERT INTO content_resources VALUES(33,1,'icth000f.smil',2517,'text/plain','2019-11-22 05:41:47.880671','2019-11-22 05:41:47.880671','icth000f.smil');
INSERT INTO content_resources VALUES(34,1,'icth0010.smil',17455,'text/plain','2019-11-22 05:41:47.919737','2019-11-22 05:41:47.919737','icth0010.smil');
INSERT INTO content_resources VALUES(35,1,'icth0011.smil',2217,'text/plain','2019-11-22 05:41:47.956214','2019-11-22 05:41:47.956214','icth0011.smil');
INSERT INTO content_resources VALUES(36,1,'master.smil',1866,'text/plain','2019-11-22 05:41:48.001736','2019-11-22 05:41:48.001736','master.smil');
INSERT INTO content_resources VALUES(37,1,'ncc.html',5759,'text/html','2019-11-22 05:41:48.047252','2019-11-22 05:41:48.047252','ncc.html');
INSERT INTO content_resources VALUES(38,1,'smil10.dtd',7496,'text/html','2019-11-22 05:41:48.088195','2019-11-22 05:41:48.088195','smil10.dtd');
INSERT INTO content_resources VALUES(39,1,'xhtml-lat1.ent',11789,'text/html','2019-11-22 05:41:48.144104','2019-11-22 05:41:48.144104','xhtml-lat1.ent');
INSERT INTO content_resources VALUES(40,1,'xhtml-special.ent',4144,'text/html','2019-11-22 05:41:48.185388','2019-11-22 05:41:48.185388','xhtml-special.ent');
INSERT INTO content_resources VALUES(41,1,'xhtml-symbol.ent',14127,'text/html','2019-11-22 05:41:48.224786','2019-11-22 05:41:48.224786','xhtml-symbol.ent');
INSERT INTO content_resources VALUES(42,1,'xhtml1-transitional.dtd',33441,'text/html','2019-11-22 05:41:48.275002','2019-11-22 05:41:48.275002','xhtml1-transitional.dtd');
INSERT INTO content_resources VALUES(43,2,'AreYouReadyV3.xml',89235,'text/plain','2019-11-22 05:41:48.322825','2019-11-22 05:41:48.322825','AreYouReadyV3.xml');
INSERT INTO content_resources VALUES(44,2,'dtbookbasic.css',12801,'text/x-c','2019-11-22 05:41:48.360278','2019-11-22 05:41:48.360278','dtbookbasic.css');
INSERT INTO content_resources VALUES(45,2,'image1.jpg',6168,'image/jpeg','2019-11-22 05:41:48.403058','2019-11-22 05:41:48.403058','image1.jpg');
INSERT INTO content_resources VALUES(46,2,'image11.jpg',5586,'image/jpeg','2019-11-22 05:41:48.453472','2019-11-22 05:41:48.453472','image11.jpg');
INSERT INTO content_resources VALUES(47,2,'image12.jpg',4826,'image/jpeg','2019-11-22 05:41:48.494256','2019-11-22 05:41:48.494256','image12.jpg');
INSERT INTO content_resources VALUES(48,2,'image13.jpg',12586,'image/jpeg','2019-11-22 05:41:48.538403','2019-11-22 05:41:48.538403','image13.jpg');
INSERT INTO content_resources VALUES(49,2,'image14.jpg',17587,'image/jpeg','2019-11-22 05:41:48.590069','2019-11-22 05:41:48.590069','image14.jpg');
INSERT INTO content_resources VALUES(50,2,'image2.jpg',8577,'image/jpeg','2019-11-22 05:41:48.639178','2019-11-22 05:41:48.639178','image2.jpg');
INSERT INTO content_resources VALUES(51,2,'image3.jpg',5981,'image/jpeg','2019-11-22 05:41:48.694427','2019-11-22 05:41:48.694427','image3.jpg');
INSERT INTO content_resources VALUES(52,2,'image4.jpg',4720,'image/jpeg','2019-11-22 05:41:48.735110','2019-11-22 05:41:48.735110','image4.jpg');
INSERT INTO content_resources VALUES(53,2,'image5.jpg',6589,'image/jpeg','2019-11-22 05:41:48.771236','2019-11-22 05:41:48.771236','image5.jpg');
INSERT INTO content_resources VALUES(54,2,'speechgen.ncx',18280,'text/plain','2019-11-22 05:41:48.822639','2019-11-22 05:41:48.822639','speechgen.ncx');
INSERT INTO content_resources VALUES(55,2,'speechgen.opf',8897,'text/plain','2019-11-22 05:41:48.869474','2019-11-22 05:41:48.869474','speechgen.opf');
INSERT INTO content_resources VALUES(56,2,'speechgen0001.mp3',32757,'audio/mpeg','2019-11-22 05:41:48.918990','2019-11-22 05:41:48.918990','speechgen0001.mp3');
INSERT INTO content_resources VALUES(57,2,'speechgen0001.smil',882,'text/plain','2019-11-22 05:41:48.964815','2019-11-22 05:41:48.964815','speechgen0001.smil');
INSERT INTO content_resources VALUES(58,2,'speechgen0002.mp3',215823,'audio/mpeg','2019-11-22 05:41:49.009503','2019-11-22 05:41:49.009503','speechgen0002.mp3');
INSERT INTO content_resources VALUES(59,2,'speechgen0002.smil',2716,'text/plain','2019-11-22 05:41:49.053843','2019-11-22 05:41:49.053843','speechgen0002.smil');
INSERT INTO content_resources VALUES(60,2,'speechgen0003.mp3',285257,'audio/mpeg','2019-11-22 05:41:49.112422','2019-11-22 05:41:49.112422','speechgen0003.mp3');
INSERT INTO content_resources VALUES(61,2,'speechgen0003.smil',5457,'text/plain','2019-11-22 05:41:49.152010','2019-11-22 05:41:49.152010','speechgen0003.smil');
INSERT INTO content_resources VALUES(62,2,'speechgen0004.mp3',228832,'audio/mpeg','2019-11-22 05:41:49.217894','2019-11-22 05:41:49.217894','speechgen0004.mp3');
INSERT INTO content_resources VALUES(63,2,'speechgen0004.smil',1477,'text/plain','2019-11-22 05:41:49.271775','2019-11-22 05:41:49.271775','speechgen0004.smil');
INSERT INTO content_resources VALUES(64,2,'speechgen0005.mp3',1865456,'audio/mpeg','2019-11-22 05:41:49.369368','2019-11-22 05:41:49.369368','speechgen0005.mp3');
INSERT INTO content_resources VALUES(65,2,'speechgen0005.smil',10463,'text/plain','2019-11-22 05:41:49.412406','2019-11-22 05:41:49.412406','speechgen0005.smil');
INSERT INTO content_resources VALUES(66,2,'speechgen0006.mp3',735399,'audio/mpeg','2019-11-22 05:41:49.484048','2019-11-22 05:41:49.484048','speechgen0006.mp3');
INSERT INTO content_resources VALUES(67,2,'speechgen0006.smil',4470,'text/plain','2019-11-22 05:41:49.526210','2019-11-22 05:41:49.526210','speechgen0006.smil');
INSERT INTO content_resources VALUES(68,2,'speechgen0007.mp3',105482,'audio/mpeg','2019-11-22 05:41:49.571386','2019-11-22 05:41:49.571386','speechgen0007.mp3');
INSERT INTO content_resources VALUES(69,2,'speechgen0007.smil',1438,'text/plain','2019-11-22 05:41:49.617352','2019-11-22 05:41:49.617352','speechgen0007.smil');
INSERT INTO content_resources VALUES(70,2,'speechgen0008.mp3',95294,'audio/mpeg','2019-11-22 05:41:49.675611','2019-11-22 05:41:49.675611','speechgen0008.mp3');
INSERT INTO content_resources VALUES(71,2,'speechgen0008.smil',1491,'text/plain','2019-11-22 05:41:49.724127','2019-11-22 05:41:49.724127','speechgen0008.smil');
INSERT INTO content_resources VALUES(72,2,'speechgen0009.mp3',794801,'audio/mpeg','2019-11-22 05:41:49.798404','2019-11-22 05:41:49.798404','speechgen0009.mp3');
INSERT INTO content_resources VALUES(73,2,'speechgen0009.smil',7443,'text/plain','2019-11-22 05:41:49.834894','2019-11-22 05:41:49.834894','speechgen0009.smil');
INSERT INTO content_resources VALUES(74,2,'speechgen0010.mp3',258299,'audio/mpeg','2019-11-22 05:41:49.891285','2019-11-22 05:41:49.891285','speechgen0010.mp3');
INSERT INTO content_resources VALUES(75,2,'speechgen0010.smil',2873,'text/plain','2019-11-22 05:41:49.936389','2019-11-22 05:41:49.936389','speechgen0010.smil');
INSERT INTO content_resources VALUES(76,2,'speechgen0011.mp3',249835,'audio/mpeg','2019-11-22 05:41:49.989954','2019-11-22 05:41:49.989954','speechgen0011.mp3');
INSERT INTO content_resources VALUES(77,2,'speechgen0011.smil',2192,'text/plain','2019-11-22 05:41:50.041845','2019-11-22 05:41:50.041845','speechgen0011.smil');
INSERT INTO content_resources VALUES(78,2,'speechgen0012.mp3',225071,'audio/mpeg','2019-11-22 05:41:50.088949','2019-11-22 05:41:50.088949','speechgen0012.mp3');
INSERT INTO content_resources VALUES(79,2,'speechgen0012.smil',2285,'text/plain','2019-11-22 05:41:50.150473','2019-11-22 05:41:50.150473','speechgen0012.smil');
INSERT INTO content_resources VALUES(80,2,'speechgen0013.mp3',1677374,'audio/mpeg','2019-11-22 05:41:50.313186','2019-11-22 05:41:50.313186','speechgen0013.mp3');
INSERT INTO content_resources VALUES(81,2,'speechgen0013.smil',11510,'text/plain','2019-11-22 05:41:50.412259','2019-11-22 05:41:50.412259','speechgen0013.smil');
INSERT INTO content_resources VALUES(82,2,'speechgen0014.mp3',372872,'audio/mpeg','2019-11-22 05:41:50.474051','2019-11-22 05:41:50.474051','speechgen0014.mp3');
INSERT INTO content_resources VALUES(83,2,'speechgen0014.smil',2480,'text/plain','2019-11-22 05:41:50.519606','2019-11-22 05:41:50.519606','speechgen0014.smil');
INSERT INTO content_resources VALUES(84,2,'speechgen0015.mp3',439327,'audio/mpeg','2019-11-22 05:41:50.572715','2019-11-22 05:41:50.572715','speechgen0015.mp3');
INSERT INTO content_resources VALUES(85,2,'speechgen0015.smil',3243,'text/plain','2019-11-22 05:41:50.618717','2019-11-22 05:41:50.618717','speechgen0015.smil');
INSERT INTO content_resources VALUES(86,2,'speechgen0016.mp3',121469,'audio/mpeg','2019-11-22 05:41:50.685230','2019-11-22 05:41:50.685230','speechgen0016.mp3');
INSERT INTO content_resources VALUES(87,2,'speechgen0016.smil',1691,'text/plain','2019-11-22 05:41:50.731059','2019-11-22 05:41:50.731059','speechgen0016.smil');
INSERT INTO content_resources VALUES(88,2,'speechgen0017.mp3',2289110,'audio/mpeg','2019-11-22 05:41:50.831737','2019-11-22 05:41:50.831737','speechgen0017.mp3');
INSERT INTO content_resources VALUES(89,2,'speechgen0017.smil',17070,'text/plain','2019-11-22 05:41:50.872008','2019-11-22 05:41:50.872008','speechgen0017.smil');
INSERT INTO content_resources VALUES(90,2,'speechgen0018.mp3',1220493,'audio/mpeg','2019-11-22 05:41:50.951426','2019-11-22 05:41:50.951426','speechgen0018.mp3');
INSERT INTO content_resources VALUES(91,2,'speechgen0018.smil',9825,'text/plain','2019-11-22 05:41:50.995083','2019-11-22 05:41:50.995083','speechgen0018.smil');
INSERT INTO content_resources VALUES(92,2,'speechgen0019.mp3',181185,'audio/mpeg','2019-11-22 05:41:51.052359','2019-11-22 05:41:51.052359','speechgen0019.mp3');
INSERT INTO content_resources VALUES(93,2,'speechgen0019.smil',1640,'text/plain','2019-11-22 05:41:51.095646','2019-11-22 05:41:51.095646','speechgen0019.smil');
INSERT INTO content_resources VALUES(94,2,'speechgen0020.mp3',1113756,'audio/mpeg','2019-11-22 05:41:51.182414','2019-11-22 05:41:51.182414','speechgen0020.mp3');
INSERT INTO content_resources VALUES(95,2,'speechgen0020.smil',7023,'text/plain','2019-11-22 05:41:51.231685','2019-11-22 05:41:51.231685','speechgen0020.smil');
INSERT INTO content_resources VALUES(96,2,'speechgen0021.mp3',446694,'audio/mpeg','2019-11-22 05:41:51.293897','2019-11-22 05:41:51.293897','speechgen0021.mp3');
INSERT INTO content_resources VALUES(97,2,'speechgen0021.smil',3453,'text/plain','2019-11-22 05:41:51.332028','2019-11-22 05:41:51.332028','speechgen0021.smil');
INSERT INTO content_resources VALUES(98,2,'speechgen0022.mp3',191216,'audio/mpeg','2019-11-22 05:41:51.394453','2019-11-22 05:41:51.394453','speechgen0022.mp3');
INSERT INTO content_resources VALUES(99,2,'speechgen0022.smil',1492,'text/plain','2019-11-22 05:41:51.501233','2019-11-22 05:41:51.501233','speechgen0022.smil');
INSERT INTO content_resources VALUES(100,2,'speechgen0023.mp3',1083977,'audio/mpeg','2019-11-22 05:41:51.580800','2019-11-22 05:41:51.580800','speechgen0023.mp3');
INSERT INTO content_resources VALUES(101,2,'speechgen0023.smil',6373,'text/plain','2019-11-22 05:41:51.626688','2019-11-22 05:41:51.626688','speechgen0023.smil');
INSERT INTO content_resources VALUES(102,2,'speechgen0024.mp3',354690,'audio/mpeg','2019-11-22 05:41:51.703430','2019-11-22 05:41:51.703430','speechgen0024.mp3');
INSERT INTO content_resources VALUES(103,2,'speechgen0024.smil',2690,'text/plain','2019-11-22 05:41:52.435702','2019-11-22 05:41:52.435702','speechgen0024.smil');
INSERT INTO content_resources VALUES(104,2,'speechgen0025.mp3',193410,'audio/mpeg','2019-11-22 05:41:52.489578','2019-11-22 05:41:52.489578','speechgen0025.mp3');
INSERT INTO content_resources VALUES(105,2,'speechgen0025.smil',1835,'text/plain','2019-11-22 05:41:52.539302','2019-11-22 05:41:52.539302','speechgen0025.smil');
INSERT INTO content_resources VALUES(106,2,'speechgen0026.mp3',112222,'audio/mpeg','2019-11-22 05:41:52.583186','2019-11-22 05:41:52.583186','speechgen0026.mp3');
INSERT INTO content_resources VALUES(107,2,'speechgen0026.smil',1493,'text/plain','2019-11-22 05:41:52.624990','2019-11-22 05:41:52.624990','speechgen0026.smil');
INSERT INTO content_resources VALUES(108,2,'speechgen0027.mp3',605466,'audio/mpeg','2019-11-22 05:41:52.702993','2019-11-22 05:41:52.702993','speechgen0027.mp3');
INSERT INTO content_resources VALUES(109,2,'speechgen0027.smil',4580,'text/plain','2019-11-22 05:41:52.743903','2019-11-22 05:41:52.743903','speechgen0027.smil');
INSERT INTO content_resources VALUES(110,2,'speechgen0028.mp3',136516,'audio/mpeg','2019-11-22 05:41:52.800403','2019-11-22 05:41:52.800403','speechgen0028.mp3');
INSERT INTO content_resources VALUES(111,2,'speechgen0028.smil',1430,'text/plain','2019-11-22 05:41:52.838448','2019-11-22 05:41:52.838448','speechgen0028.smil');
INSERT INTO content_resources VALUES(112,2,'speechgen0029.mp3',92943,'audio/mpeg','2019-11-22 05:41:52.880307','2019-11-22 05:41:52.880307','speechgen0029.mp3');
INSERT INTO content_resources VALUES(113,2,'speechgen0029.smil',1439,'text/plain','2019-11-22 05:41:52.928620','2019-11-22 05:41:52.928620','speechgen0029.smil');
INSERT INTO content_resources VALUES(114,2,'speechgen0030.mp3',112535,'audio/mpeg','2019-11-22 05:41:52.980669','2019-11-22 05:41:52.980669','speechgen0030.mp3');
INSERT INTO content_resources VALUES(115,2,'speechgen0030.smil',1493,'text/plain','2019-11-22 05:41:53.018934','2019-11-22 05:41:53.018934','speechgen0030.smil');
INSERT INTO content_resources VALUES(116,2,'speechgen0031.mp3',1319863,'audio/mpeg','2019-11-22 05:41:53.110893','2019-11-22 05:41:53.110893','speechgen0031.mp3');
INSERT INTO content_resources VALUES(117,2,'speechgen0031.smil',10153,'text/plain','2019-11-22 05:41:53.161608','2019-11-22 05:41:53.161608','speechgen0031.smil');
INSERT INTO content_resources VALUES(118,2,'speechgen0032.mp3',584150,'audio/mpeg','2019-11-22 05:41:53.216617','2019-11-22 05:41:53.216617','speechgen0032.mp3');
INSERT INTO content_resources VALUES(119,2,'speechgen0032.smil',5658,'text/plain','2019-11-22 05:41:53.264359','2019-11-22 05:41:53.264359','speechgen0032.smil');
INSERT INTO content_resources VALUES(120,2,'speechgen0033.mp3',256104,'audio/mpeg','2019-11-22 05:41:53.318843','2019-11-22 05:41:53.318843','speechgen0033.mp3');
INSERT INTO content_resources VALUES(121,2,'speechgen0033.smil',1850,'text/plain','2019-11-22 05:41:53.361567','2019-11-22 05:41:53.361567','speechgen0033.smil');
INSERT INTO content_resources VALUES(122,2,'speechgen0034.mp3',284630,'audio/mpeg','2019-11-22 05:41:53.413348','2019-11-22 05:41:53.413348','speechgen0034.mp3');
INSERT INTO content_resources VALUES(123,2,'speechgen0034.smil',2480,'text/plain','2019-11-22 05:41:53.459517','2019-11-22 05:41:53.459517','speechgen0034.smil');
INSERT INTO content_resources VALUES(124,2,'tpbnarrator.res',9458,'text/html','2019-11-22 05:41:53.505496','2019-11-22 05:41:53.505496','tpbnarrator.res');
INSERT INTO content_resources VALUES(125,2,'tpbnarrator_res.mp3',117656,'audio/mpeg','2019-11-22 05:41:53.555035','2019-11-22 05:41:53.555035','tpbnarrator_res.mp3');
INSERT INTO content_resources VALUES(126,3,'bagw0008.smil',2714,'application/xml','2019-11-22 05:41:53.620357','2019-11-22 05:41:53.620357','bagw0008.smil');
INSERT INTO content_resources VALUES(127,3,'bagw0017.mp3',124760,'audio/mpeg','2019-11-22 05:41:53.666508','2019-11-22 05:41:53.666508','bagw0017.mp3');
INSERT INTO content_resources VALUES(128,3,'bagw0019.mp3',180558,'audio/mpeg','2019-11-22 05:41:53.721443','2019-11-22 05:41:53.721443','bagw0019.mp3');
INSERT INTO content_resources VALUES(129,3,'bagw0006.smil',2765,'application/xml','2019-11-22 05:41:53.759454','2019-11-22 05:41:53.759454','bagw0006.smil');
INSERT INTO content_resources VALUES(130,3,'bagw001B.mp3',285570,'audio/mpeg','2019-11-22 05:41:53.824313','2019-11-22 05:41:53.824313','bagw001B.mp3');
INSERT INTO content_resources VALUES(131,3,'bagw0014.mp3',391836,'audio/mpeg','2019-11-22 05:41:53.876407','2019-11-22 05:41:53.876407','bagw0014.mp3');
INSERT INTO content_resources VALUES(132,3,'bagw0007.smil',1567,'application/xml','2019-11-22 05:41:53.914585','2019-11-22 05:41:53.914585','bagw0007.smil');
INSERT INTO content_resources VALUES(133,3,'bagw0018.mp3',65515,'audio/mpeg','2019-11-22 05:41:53.958597','2019-11-22 05:41:53.958597','bagw0018.mp3');
INSERT INTO content_resources VALUES(134,3,'bagw001A.mp3',129776,'audio/mpeg','2019-11-22 05:41:53.998793','2019-11-22 05:41:53.998793','bagw001A.mp3');
INSERT INTO content_resources VALUES(135,3,'bagw0005.smil',1130,'application/xml','2019-11-22 05:41:54.038225','2019-11-22 05:41:54.038225','bagw0005.smil');
INSERT INTO content_resources VALUES(136,3,'master.smil',1196,'application/xml','2019-11-22 05:41:54.081507','2019-11-22 05:41:54.081507','master.smil');
INSERT INTO content_resources VALUES(137,3,'bagw0003.smil',2419,'application/xml','2019-11-22 05:41:54.128949','2019-11-22 05:41:54.128949','bagw0003.smil');
INSERT INTO content_resources VALUES(138,3,'ncc.html',4296,'application/xml','2019-11-22 05:41:54.181187','2019-11-22 05:41:54.181187','ncc.html');
INSERT INTO content_resources VALUES(139,3,'bagw0002.smil',1334,'application/xml','2019-11-22 05:41:54.228778','2019-11-22 05:41:54.228778','bagw0002.smil');
INSERT INTO content_resources VALUES(140,3,'narrator_1.css',5204,'text/plain','2019-11-22 05:41:54.283628','2019-11-22 05:41:54.283628','narrator_1.css');
INSERT INTO content_resources VALUES(141,3,'default_1.css',5053,'text/plain','2019-11-22 05:41:54.332214','2019-11-22 05:41:54.332214','default_1.css');
INSERT INTO content_resources VALUES(142,3,'bagw001C.mp3',451552,'audio/mpeg','2019-11-22 05:41:54.391288','2019-11-22 05:41:54.391288','bagw001C.mp3');
INSERT INTO content_resources VALUES(143,3,'bagw0001.smil',1728,'application/xml','2019-11-22 05:41:54.440069','2019-11-22 05:41:54.440069','bagw0001.smil');
INSERT INTO content_resources VALUES(144,3,'bagw001D.mp3',335882,'audio/mpeg','2019-11-22 05:41:54.498788','2019-11-22 05:41:54.498788','bagw001D.mp3');
INSERT INTO content_resources VALUES(145,3,'bagw0004.smil',3047,'application/xml','2019-11-22 05:41:54.546077','2019-11-22 05:41:54.546077','bagw0004.smil');
CREATE TABLE IF NOT EXISTS "content_audios" ("id" integer NOT NULL PRIMARY KEY, "content_id" integer DEFAULT NULL, "size" integer NOT NULL, "length" integer NOT NULL, "mime_type" text NOT NULL, "created_at" datetime NOT NULL, "updated_at" datetime NOT NULL, "audio" varchar NOT NULL);
INSERT INTO content_audios VALUES(1,1,44724,6315,'audio/ogg','2019-11-22 05:41:44.638892','2019-11-22 05:41:44.638892','content_1.ogg');
INSERT INTO content_audios VALUES(2,2,16139,5201,'audio/ogg','2019-11-22 05:41:44.686740','2019-11-22 05:41:44.686740','content_2.ogg');
INSERT INTO content_audios VALUES(3,3,20335,1945,'audio/ogg','2019-11-22 05:41:44.731899','2019-11-22 05:41:44.731899','content_3.ogg');
CREATE TABLE IF NOT EXISTS "contents" ("id" integer NOT NULL PRIMARY KEY, "category_id" integer DEFAULT NULL, "daisy_format_id" integer DEFAULT NULL, "title" varchar(256) NOT NULL, "created_at" datetime NOT NULL, "updated_at" datetime NOT NULL);
INSERT INTO contents VALUES(1,1,1,'A light Man','2019-11-22 05:41:41.792412','2019-11-22 05:41:41.792412');
INSERT INTO contents VALUES(2,1,2,'Are you ready?','2019-11-22 05:41:41.836697','2019-11-22 05:41:41.836697');
INSERT INTO contents VALUES(3,1,1,'Climbing the Highest Mountain','2019-11-22 05:41:41.877122','2019-11-22 05:41:41.877122');
CREATE TABLE IF NOT EXISTS "user_contents" ("id" integer NOT NULL PRIMARY KEY, "user_id" integer DEFAULT NULL, "content_id" integer DEFAULT NULL, "content_list_id" integer DEFAULT 1, "content_list_v1_id" integer DEFAULT 2, "return" boolean DEFAULT 0 NOT NULL, "returned" boolean DEFAULT 0 NOT NULL, "return_at" datetime DEFAULT NULL, "state_id" integer DEFAULT 1, "created_at" datetime NOT NULL, "updated_at" datetime NOT NULL);
INSERT INTO user_contents VALUES(1,1,1,1,2,1,0,NULL,1,'2019-11-22 05:41:54.625907','2019-11-22 05:41:54.625907');
INSERT INTO user_contents VALUES(2,1,2,1,2,1,0,NULL,1,'2019-11-22 05:41:54.683350','2019-11-22 05:41:54.683350');
INSERT INTO user_contents VALUES(3,1,3,1,2,1,0,NULL,1,'2019-11-22 05:41:54.735305','2019-11-22 05:41:54.735305');
DELETE FROM sqlite_sequence;
INSERT INTO sqlite_sequence VALUES('categories',4);
INSERT INTO sqlite_sequence VALUES('daisy_formats',3);
INSERT INTO sqlite_sequence VALUES('languages',3);
INSERT INTO sqlite_sequence VALUES('states',5);
INSERT INTO sqlite_sequence VALUES('content_lists',30);
INSERT INTO sqlite_sequence VALUES('question_types',5);
INSERT INTO sqlite_sequence VALUES('users',1);
INSERT INTO sqlite_sequence VALUES('content_metadata',65);
INSERT INTO sqlite_sequence VALUES('announcement_texts',4);
INSERT INTO sqlite_sequence VALUES('announcement_audios',4);
INSERT INTO sqlite_sequence VALUES('user_announcements',2);
INSERT INTO sqlite_sequence VALUES('questions',50);
INSERT INTO sqlite_sequence VALUES('question_inputs',7);
INSERT INTO sqlite_sequence VALUES('question_texts',40);
INSERT INTO sqlite_sequence VALUES('question_audios',40);
INSERT INTO sqlite_sequence VALUES('question_question_texts',48);
CREATE INDEX "index_announcement_texts_on_announcement_id" ON "announcement_texts" ("announcement_id");
CREATE INDEX "index_announcement_texts_on_language_id" ON "announcement_texts" ("language_id");
CREATE INDEX "index_announcement_audios_on_announcement_text_id" ON "announcement_audios" ("announcement_text_id");
CREATE INDEX "index_user_announcements_on_user_id" ON "user_announcements" ("user_id");
CREATE INDEX "index_user_announcements_on_announcement_id" ON "user_announcements" ("announcement_id");
CREATE INDEX "index_user_bookmarks_on_user_id" ON "user_bookmarks" ("user_id");
CREATE INDEX "index_user_bookmarks_on_content_id" ON "user_bookmarks" ("content_id");
CREATE INDEX "index_content_metadata_on_content_id" ON "content_metadata" ("content_id");
CREATE INDEX "index_questions_on_parent_id" ON "questions" ("parent_id");
CREATE INDEX "index_questions_on_question_type_id" ON "questions" ("question_type_id");
CREATE INDEX "index_question_inputs_on_question_id" ON "question_inputs" ("question_id");
CREATE INDEX "index_question_texts_on_language_id" ON "question_texts" ("language_id");
CREATE INDEX "index_question_audios_on_question_text_id" ON "question_audios" ("question_text_id");
CREATE INDEX "index_question_question_texts_on_question_id" ON "question_question_texts" ("question_id");
CREATE INDEX "index_question_question_texts_on_question_text_id" ON "question_question_texts" ("question_text_id");
CREATE INDEX "index_user_logs_on_user_id" ON "user_logs" ("user_id");
CREATE INDEX "index_content_resources_on_content_id" ON "content_resources" ("content_id");
CREATE INDEX "index_content_audios_on_content_id" ON "content_audios" ("content_id");
CREATE INDEX "index_contents_on_category_id" ON "contents" ("category_id");
CREATE INDEX "index_contents_on_daisy_format_id" ON "contents" ("daisy_format_id");
CREATE UNIQUE INDEX "index_contents_on_title" ON "contents" ("title");
CREATE INDEX "index_user_contents_on_user_id" ON "user_contents" ("user_id");
CREATE INDEX "index_user_contents_on_content_id" ON "user_contents" ("content_id");
CREATE INDEX "index_user_contents_on_content_list_id" ON "user_contents" ("content_list_id");
CREATE INDEX "index_user_contents_on_content_list_v1_id" ON "user_contents" ("content_list_v1_id");
CREATE INDEX "index_user_contents_on_state_id" ON "user_contents" ("state_id");
CREATE UNIQUE INDEX "index_user_contents_on_user_id_content_id_content_list_id" ON "user_contents" ("user_id", "content_id", "content_list_id");
CREATE UNIQUE INDEX "index_user_contents_on_user_id_content_id_content_list_v1_id" ON "user_contents" ("user_id", "content_id", "content_list_v1_id");
CREATE UNIQUE INDEX "index_content_audios_on_content_id_and_audio" ON "content_audios" ("content_id", "audio");
CREATE UNIQUE INDEX "index_content_resources_on_content_id_and_resource" ON "content_resources" ("content_id", "resource");
COMMIT;
